position,rx phyrate,rx mcs,rx nss,noise,avg beacon rssi,diff rx bytes,diff rx packets
"-26,-26",0,0,0,0,0,0,0,
"-26,-25",0,0,0,0,0,0,0,
"-26,-24",0,0,0,0,0,0,0,
"-26,-23",19734,2,1,-94,-82,1452300,1175,
"-26,-22",21241,2,1,-94,-82,2560992,2072,
"-26,-21",28366,3,1,-94,-81,2125920,1720,
"-26,-20",28345,3,1,-94,-81,2616612,2117,
"-26,-19",27037,3,1,-94,-81,2238396,1811,
"-26,-18",28174,3,1,-94,-81,2889840,2340,
"-26,-17",35020,3,1,-94,-81,2607960,2110,
"-26,-16",39145,4,1,-94,-81,2781000,2250,
"-26,-15",42124,4,1,-94,-81,3134532,2537,
"-26,-14",37934,4,1,-94,-81,1940520,1570,
"-26,-13",27400,3,1,-94,-81,2066592,1672,
"-26,-12",28264,3,1,-94,-82,1980072,1602,
"-26,-11",27359,3,1,-94,-82,3035616,2456,
"-26,-10",0,0,0,0,0,0,0,
"-26,-9",0,0,0,0,0,0,0,
"-26,-8",0,0,0,0,0,0,0,
"-26,-7",0,0,0,0,0,0,0,
"-26,-6",0,0,0,0,0,0,0,
"-26,-5",0,0,0,0,0,0,0,
"-26,-4",0,0,0,0,0,0,0,
"-26,-3",0,0,0,0,0,0,0,
"-26,-2",0,0,0,0,0,0,0,
"-26,-1",0,0,0,0,0,0,0,
"-26,0",0,0,0,0,0,0,0,
"-26,1",0,0,0,0,0,0,0,
"-26,2",0,0,0,0,0,0,0,
"-26,3",0,0,0,0,0,0,0,
"-26,4",0,0,0,0,0,0,0,
"-26,5",0,0,0,0,0,0,0,
"-26,6",0,0,0,0,0,0,0,
"-26,7",0,0,0,0,0,0,0,
"-26,8",0,0,0,0,0,0,0,
"-26,9",0,0,0,0,0,0,0,
"-26,10",0,0,0,0,0,0,0,
"-26,11",0,0,0,0,0,0,0,
"-26,12",0,0,0,0,0,0,0,
"-26,13",0,0,0,0,0,0,0,
"-26,14",0,0,0,0,0,0,0,
"-26,15",0,0,0,0,0,0,0,
"-26,16",0,0,0,0,0,0,0,
"-26,17",0,0,0,0,0,0,0,
"-26,18",0,0,0,0,0,0,0,
"-26,19",0,0,0,0,0,0,0,
"-26,20",0,0,0,0,0,0,0,
"-26,21",0,0,0,0,0,0,0,
"-26,22",0,0,0,0,0,0,0,
"-26,23",0,0,0,0,0,0,0,
"-26,24",0,0,0,0,0,0,0,
"-26,25",0,0,0,0,0,0,0,
"-26,26",0,0,0,0,0,0,0,
"-25,-26",0,0,0,0,0,0,0,
"-25,-25",27453,3,1,-94,-82,2544924,2059,
"-25,-24",28448,3,1,-94,-81,2232216,1806,
"-25,-23",39598,4,1,-94,-81,1965240,1590,
"-25,-22",26342,3,1,-94,-81,2427504,1964,
"-25,-21",28744,3,1,-94,-80,2410200,1950,
"-25,-20",35305,4,1,-94,-80,2821860,2285,
"-25,-19",18180,2,1,-94,-80,1299036,1051,
"-25,-18",42695,4,1,-94,-80,4045428,3273,
"-25,-17",42286,4,1,-94,-80,3030708,2453,
"-25,-16",33162,4,1,-94,-80,1732872,1402,
"-25,-15",21563,3,1,-94,-80,1664892,1347,
"-25,-14",27670,3,1,-94,-80,2677176,2166,
"-25,-13",28462,3,1,-94,-80,2454696,1986,
"-25,-12",28102,3,1,-94,-81,2621556,2121,
"-25,-11",28558,3,1,-94,-81,3082584,2494,
"-25,-10",38054,4,1,-94,-81,1818156,1471,
"-25,-9",20351,0,1,-94,-82,831828,673,
"-25,-8",0,0,0,0,0,0,0,
"-25,-7",0,0,0,0,0,0,0,
"-25,-6",0,0,0,0,0,0,0,
"-25,-5",0,0,0,0,0,0,0,
"-25,-4",0,0,0,0,0,0,0,
"-25,-3",0,0,0,0,0,0,0,
"-25,-2",0,0,0,0,0,0,0,
"-25,-1",0,0,0,0,0,0,0,
"-25,0",0,0,0,0,0,0,0,
"-25,1",0,0,0,0,0,0,0,
"-25,2",0,0,0,0,0,0,0,
"-25,3",0,0,0,0,0,0,0,
"-25,4",0,0,0,0,0,0,0,
"-25,5",0,0,0,0,0,0,0,
"-25,6",0,0,0,0,0,0,0,
"-25,7",0,0,0,0,0,0,0,
"-25,8",0,0,0,0,0,0,0,
"-25,9",0,0,0,0,0,0,0,
"-25,10",0,0,0,0,0,0,0,
"-25,11",0,0,0,0,0,0,0,
"-25,12",0,0,0,0,0,0,0,
"-25,13",0,0,0,0,0,0,0,
"-25,14",0,0,0,0,0,0,0,
"-25,15",0,0,0,0,0,0,0,
"-25,16",0,0,0,0,0,0,0,
"-25,17",0,0,0,0,0,0,0,
"-25,18",0,0,0,0,0,0,0,
"-25,19",0,0,0,0,0,0,0,
"-25,20",0,0,0,0,0,0,0,
"-25,21",0,0,0,0,0,0,0,
"-25,22",0,0,0,0,0,0,0,
"-25,23",0,0,0,0,0,0,0,
"-25,24",0,0,0,0,0,0,0,
"-25,25",0,0,0,0,0,0,0,
"-25,26",0,0,0,0,0,0,0,
"-24,-26",40037,4,1,-94,-82,1904712,1542,
"-24,-25",39392,4,1,-94,-81,2146932,1737,
"-24,-24",41732,4,1,-94,-81,3255624,2634,
"-24,-23",22401,3,1,-94,-80,1210044,979,
"-24,-22",25406,3,1,-94,-80,2868792,2322,
"-24,-21",41794,4,1,-94,-80,2954040,2390,
"-24,-20",42582,4,1,-94,-79,3522600,2850,
"-24,-19",42352,4,1,-94,-79,2313792,1872,
"-24,-18",41726,4,1,-94,-79,3376788,2733,
"-24,-17",33978,3,1,-94,-79,3287760,2660,
"-24,-16",28631,3,1,-94,-79,2232216,1806,
"-24,-15",28509,3,1,-94,-79,2951568,2388,
"-24,-14",40894,4,1,-94,-79,3046740,2465,
"-24,-13",41340,4,1,-94,-80,4763544,3854,
"-24,-12",24653,3,1,-94,-80,2046816,1656,
"-24,-11",42309,4,1,-94,-80,3203712,2592,
"-24,-10",42406,4,1,-94,-81,3136968,2538,
"-24,-9",34272,4,1,-94,-81,1147044,929,
"-24,-8",25034,3,1,-94,-82,2180304,1764,
"-24,-7",0,0,0,0,0,0,0,
"-24,-6",0,0,0,0,0,0,0,
"-24,-5",0,0,0,0,0,0,0,
"-24,-4",0,0,0,0,0,0,0,
"-24,-3",0,0,0,0,0,0,0,
"-24,-2",0,0,0,0,0,0,0,
"-24,-1",0,0,0,0,0,0,0,
"-24,0",0,0,0,0,0,0,0,
"-24,1",0,0,0,0,0,0,0,
"-24,2",0,0,0,0,0,0,0,
"-24,3",0,0,0,0,0,0,0,
"-24,4",0,0,0,0,0,0,0,
"-24,5",0,0,0,0,0,0,0,
"-24,6",0,0,0,0,0,0,0,
"-24,7",0,0,0,0,0,0,0,
"-24,8",0,0,0,0,0,0,0,
"-24,9",0,0,0,0,0,0,0,
"-24,10",0,0,0,0,0,0,0,
"-24,11",0,0,0,0,0,0,0,
"-24,12",0,0,0,0,0,0,0,
"-24,13",0,0,0,0,0,0,0,
"-24,14",0,0,0,0,0,0,0,
"-24,15",0,0,0,0,0,0,0,
"-24,16",0,0,0,0,0,0,0,
"-24,17",0,0,0,0,0,0,0,
"-24,18",0,0,0,0,0,0,0,
"-24,19",0,0,0,0,0,0,0,
"-24,20",0,0,0,0,0,0,0,
"-24,21",0,0,0,0,0,0,0,
"-24,22",0,0,0,0,0,0,0,
"-24,23",0,0,0,0,0,0,0,
"-24,24",0,0,0,0,0,0,0,
"-24,25",0,0,0,0,0,0,0,
"-24,26",0,0,0,0,0,0,0,
"-23,-26",30317,4,1,-94,-81,1352220,1095,
"-23,-25",20899,3,1,-94,-80,1227348,993,
"-23,-24",38714,4,1,-94,-80,3667212,2967,
"-23,-23",43238,4,1,-94,-79,4015764,3249,
"-23,-22",43019,4,1,-94,-79,3145620,2545,
"-23,-21",42742,4,1,-94,-79,3590580,2905,
"-23,-20",42347,4,1,-94,-78,2307612,1867,
"-23,-19",42971,4,1,-94,-78,3555972,2877,
"-23,-18",33270,4,1,-94,-78,2684628,2173,
"-23,-17",28422,3,1,-94,-78,2118504,1714,
"-23,-16",41047,4,1,-94,-78,3097416,2506,
"-23,-15",42894,4,1,-94,-78,4716612,3817,
"-23,-14",43168,4,1,-94,-78,3991044,3229,
"-23,-13",41228,4,1,-94,-79,4329708,3503,
"-23,-12",42944,4,1,-94,-79,4348248,3518,
"-23,-11",38916,4,1,-94,-79,2043108,1653,
"-23,-10",28313,3,1,-94,-80,2517732,2037,
"-23,-9",28391,3,1,-94,-80,789840,640,
"-23,-8",0,0,0,0,0,0,0,
"-23,-7",0,0,0,0,0,0,0,
"-23,-6",6000,0,0,-94,-82,72,2,
"-23,-5",0,0,0,0,0,0,0,
"-23,-4",0,0,0,0,0,0,0,
"-23,-3",0,0,0,0,0,0,0,
"-23,-2",0,0,0,0,0,0,0,
"-23,-1",0,0,0,0,0,0,0,
"-23,0",0,0,0,0,0,0,0,
"-23,1",0,0,0,0,0,0,0,
"-23,2",0,0,0,0,0,0,0,
"-23,3",0,0,0,0,0,0,0,
"-23,4",0,0,0,0,0,0,0,
"-23,5",0,0,0,0,0,0,0,
"-23,6",0,0,0,0,0,0,0,
"-23,7",0,0,0,0,0,0,0,
"-23,8",0,0,0,0,0,0,0,
"-23,9",0,0,0,0,0,0,0,
"-23,10",0,0,0,0,0,0,0,
"-23,11",0,0,0,0,0,0,0,
"-23,12",0,0,0,0,0,0,0,
"-23,13",0,0,0,0,0,0,0,
"-23,14",0,0,0,0,0,0,0,
"-23,15",0,0,0,0,0,0,0,
"-23,16",0,0,0,0,0,0,0,
"-23,17",0,0,0,0,0,0,0,
"-23,18",0,0,0,0,0,0,0,
"-23,19",0,0,0,0,0,0,0,
"-23,20",0,0,0,0,0,0,0,
"-23,21",0,0,0,0,0,0,0,
"-23,22",0,0,0,0,0,0,0,
"-23,23",0,0,0,0,0,0,0,
"-23,24",0,0,0,0,0,0,0,
"-23,25",0,0,0,0,0,0,0,
"-23,26",0,0,0,0,0,0,0,
"-22,-26",26470,3,1,-94,-80,2525184,2044,
"-22,-25",7444,0,1,-94,-79,783732,637,
"-22,-24",27361,3,1,-94,-79,2478180,2005,
"-22,-23",27953,3,1,-94,-78,2396604,1939,
"-22,-22",28005,3,1,-94,-78,2221092,1797,
"-22,-21",28959,3,1,-94,-77,3724068,3013,
"-22,-20",29189,3,1,-94,-77,3111012,2517,
"-22,-19",41315,4,1,-94,-77,4607808,3728,
"-22,-18",42460,4,1,-94,-77,3577020,2895,
"-22,-17",43199,4,1,-94,-77,4923132,3987,
"-22,-16",43889,4,1,-94,-77,3201240,2590,
"-22,-15",50379,5,1,-94,-77,2116032,1712,
"-22,-14",41704,4,1,-94,-77,4684440,3790,
"-22,-13",27605,3,1,-94,-77,1483200,1200,
"-22,-12",28142,3,1,-94,-78,3305064,2674,
"-22,-11",26672,3,1,-94,-78,2233452,1807,
"-22,-10",28316,3,1,-94,-79,2614140,2115,
"-22,-9",27839,3,1,-94,-79,1922016,1556,
"-22,-8",28349,3,1,-94,-80,3390420,2745,
"-22,-7",26144,3,1,-94,-81,2537508,2053,
"-22,-6",33573,4,1,-94,-81,1342296,1086,
"-22,-5",17516,2,1,-94,-82,1428816,1156,
"-22,-4",0,0,0,0,0,0,0,
"-22,-3",0,0,0,0,0,0,0,
"-22,-2",0,0,0,0,0,0,0,
"-22,-1",0,0,0,0,0,0,0,
"-22,0",0,0,0,0,0,0,0,
"-22,1",0,0,0,0,0,0,0,
"-22,2",0,0,0,0,0,0,0,
"-22,3",0,0,0,0,0,0,0,
"-22,4",0,0,0,0,0,0,0,
"-22,5",0,0,0,0,0,0,0,
"-22,6",0,0,0,0,0,0,0,
"-22,7",0,0,0,0,0,0,0,
"-22,8",0,0,0,0,0,0,0,
"-22,9",0,0,0,0,0,0,0,
"-22,10",0,0,0,0,0,0,0,
"-22,11",0,0,0,0,0,0,0,
"-22,12",0,0,0,0,0,0,0,
"-22,13",0,0,0,0,0,0,0,
"-22,14",0,0,0,0,0,0,0,
"-22,15",0,0,0,0,0,0,0,
"-22,16",0,0,0,0,0,0,0,
"-22,17",0,0,0,0,0,0,0,
"-22,18",0,0,0,0,0,0,0,
"-22,19",0,0,0,0,0,0,0,
"-22,20",0,0,0,0,0,0,0,
"-22,21",0,0,0,0,0,0,0,
"-22,22",0,0,0,0,0,0,0,
"-22,23",0,0,0,0,0,0,0,
"-22,24",0,0,0,0,0,0,0,
"-22,25",0,0,0,0,0,0,0,
"-22,26",0,0,0,0,0,0,0,
"-21,-26",25301,3,1,-94,-79,1161876,941,
"-21,-25",43052,4,1,-94,-79,4774668,3863,
"-21,-24",42232,4,1,-94,-78,2887296,2336,
"-21,-23",41299,4,1,-94,-77,3305064,2674,
"-21,-22",42613,4,1,-94,-77,3487992,2822,
"-21,-21",42533,4,1,-94,-76,4081272,3302,
"-21,-20",39313,4,1,-94,-76,2789652,2257,
"-21,-19",63909,6,1,-94,-76,5900736,4776,
"-21,-18",64922,6,1,-94,-75,5829048,4718,
"-21,-17",60829,6,1,-94,-75,3861264,3124,
"-21,-16",48209,5,1,-94,-75,2103672,1702,
"-21,-15",20462,0,1,-94,-76,575976,466,
"-21,-14",54581,5,1,-94,-76,4266672,3452,
"-21,-13",56758,5,1,-94,-76,5299968,4288,
"-21,-12",52959,5,1,-94,-77,5657172,4577,
"-21,-11",42436,4,1,-94,-77,3664740,2965,
"-21,-10",43042,4,1,-94,-78,5584284,4519,
"-21,-9",42536,4,1,-94,-79,3172848,2568,
"-21,-8",42810,4,1,-94,-79,3563388,2883,
"-21,-7",42937,4,1,-94,-80,3876096,3136,
"-21,-6",25204,2,1,-94,-81,2050524,1659,
"-21,-5",19691,2,1,-94,-81,1228584,994,
"-21,-4",21580,2,1,-94,-82,1819392,1472,
"-21,-3",0,0,0,0,0,0,0,
"-21,-2",0,0,0,0,0,0,0,
"-21,-1",0,0,0,0,0,0,0,
"-21,0",0,0,0,0,0,0,0,
"-21,1",0,0,0,0,0,0,0,
"-21,2",0,0,0,0,0,0,0,
"-21,3",0,0,0,0,0,0,0,
"-21,4",0,0,0,0,0,0,0,
"-21,5",0,0,0,0,0,0,0,
"-21,6",0,0,0,0,0,0,0,
"-21,7",0,0,0,0,0,0,0,
"-21,8",0,0,0,0,0,0,0,
"-21,9",0,0,0,0,0,0,0,
"-21,10",0,0,0,0,0,0,0,
"-21,11",0,0,0,0,0,0,0,
"-21,12",0,0,0,0,0,0,0,
"-21,13",0,0,0,0,0,0,0,
"-21,14",0,0,0,0,0,0,0,
"-21,15",0,0,0,0,0,0,0,
"-21,16",0,0,0,0,0,0,0,
"-21,17",0,0,0,0,0,0,0,
"-21,18",0,0,0,0,0,0,0,
"-21,19",0,0,0,0,0,0,0,
"-21,20",0,0,0,0,0,0,0,
"-21,21",0,0,0,0,0,0,0,
"-21,22",0,0,0,0,0,0,0,
"-21,23",0,0,0,0,0,0,0,
"-21,24",0,0,0,0,0,0,0,
"-21,25",0,0,0,0,0,0,0,
"-21,26",0,0,0,0,0,0,0,
"-20,-26",40739,4,1,-94,-78,3385440,2740,
"-20,-25",42400,4,1,-94,-78,3941604,3189,
"-20,-24",28643,3,1,-94,-77,1904676,1541,
"-20,-23",23597,3,1,-94,-76,1328700,1075,
"-20,-22",42418,4,1,-94,-76,4777140,3865,
"-20,-21",42720,4,1,-94,-75,3052920,2470,
"-20,-20",59592,6,1,-94,-75,8261532,6687,
"-20,-19",65366,6,1,-94,-74,7247904,5864,
"-20,-18",63127,6,1,-94,-74,6573084,5319,
"-20,-17",12450,1,1,-94,-74,997452,807,
"-20,-16",52256,7,1,-94,-74,2149404,1739,
"-20,-15",70802,7,1,-94,-74,6616308,5353,
"-20,-14",70849,7,1,-94,-75,5565708,4503,
"-20,-13",62040,6,1,-94,-75,2908308,2353,
"-20,-12",63591,6,1,-94,-76,5658444,4579,
"-20,-11",31178,4,1,-94,-76,1561068,1263,
"-20,-10",56926,5,1,-94,-77,4953888,4008,
"-20,-9",26035,3,1,-94,-78,1666164,1349,
"-20,-8",28672,3,1,-94,-78,2532564,2049,
"-20,-7",28036,3,1,-94,-79,2949096,2386,
"-20,-6",25428,3,1,-94,-80,1638936,1326,
"-20,-5",7312,0,1,-94,-81,571032,462,
"-20,-4",24735,3,1,-94,-81,1657476,1341,
"-20,-3",0,0,0,0,0,0,0,
"-20,-2",0,0,0,0,0,0,0,
"-20,-1",0,0,0,0,0,0,0,
"-20,0",0,0,0,0,0,0,0,
"-20,1",0,0,0,0,0,0,0,
"-20,2",0,0,0,0,0,0,0,
"-20,3",0,0,0,0,0,0,0,
"-20,4",0,0,0,0,0,0,0,
"-20,5",0,0,0,0,0,0,0,
"-20,6",0,0,0,0,0,0,0,
"-20,7",0,0,0,0,0,0,0,
"-20,8",0,0,0,0,0,0,0,
"-20,9",0,0,0,0,0,0,0,
"-20,10",0,0,0,0,0,0,0,
"-20,11",0,0,0,0,0,0,0,
"-20,12",0,0,0,0,0,0,0,
"-20,13",0,0,0,0,0,0,0,
"-20,14",0,0,0,0,0,0,0,
"-20,15",0,0,0,0,0,0,0,
"-20,16",0,0,0,0,0,0,0,
"-20,17",0,0,0,0,0,0,0,
"-20,18",0,0,0,0,0,0,0,
"-20,19",0,0,0,0,0,0,0,
"-20,20",0,0,0,0,0,0,0,
"-20,21",0,0,0,0,0,0,0,
"-20,22",0,0,0,0,0,0,0,
"-20,23",0,0,0,0,0,0,0,
"-20,24",0,0,0,0,0,0,0,
"-20,25",0,0,0,0,0,0,0,
"-20,26",0,0,0,0,0,0,0,
"-19,-26",18228,2,1,-94,-78,1111164,899,
"-19,-25",20648,2,1,-94,-77,1535112,1242,
"-19,-24",35474,2,1,-94,-76,2583240,2090,
"-19,-23",43271,5,1,-94,-75,2989884,2419,
"-19,-22",62601,6,1,-94,-74,6304908,5103,
"-19,-21",64807,6,1,-94,-74,4531176,3666,
"-19,-20",61288,6,1,-94,-73,6742380,5455,
"-19,-19",42830,4,1,-94,-73,3242028,2623,
"-19,-18",42610,4,1,-94,-72,4130748,3343,
"-19,-17",57779,5,1,-94,-72,6142920,4970,
"-19,-16",56325,5,1,-94,-72,3664740,2965,
"-19,-15",57945,5,1,-94,-73,6716424,5434,
"-19,-14",48444,5,1,-94,-73,3125844,2529,
"-19,-13",24516,3,1,-94,-74,2276748,1843,
"-19,-12",64403,6,1,-94,-74,5652228,4573,
"-19,-11",39459,4,1,-94,-75,3192588,2583,
"-19,-10",42280,4,1,-94,-76,3580692,2897,
"-19,-9",29596,3,1,-94,-77,2164272,1752,
"-19,-8",25321,3,1,-94,-78,1709388,1383,
"-19,-7",42863,4,1,-94,-78,3963852,3207,
"-19,-6",43062,4,1,-94,-79,5055276,4091,
"-19,-5",31421,4,1,-94,-80,2701896,2186,
"-19,-4",21620,2,1,-94,-81,2643804,2139,
"-19,-3",20909,2,1,-94,-82,3217308,2603,
"-19,-2",0,0,0,0,0,0,0,
"-19,-1",0,0,0,0,0,0,0,
"-19,0",0,0,0,0,0,0,0,
"-19,1",0,0,0,0,0,0,0,
"-19,2",0,0,0,0,0,0,0,
"-19,3",0,0,0,0,0,0,0,
"-19,4",0,0,0,0,0,0,0,
"-19,5",0,0,0,0,0,0,0,
"-19,6",0,0,0,0,0,0,0,
"-19,7",0,0,0,0,0,0,0,
"-19,8",0,0,0,0,0,0,0,
"-19,9",0,0,0,0,0,0,0,
"-19,10",0,0,0,0,0,0,0,
"-19,11",0,0,0,0,0,0,0,
"-19,12",0,0,0,0,0,0,0,
"-19,13",0,0,0,0,0,0,0,
"-19,14",0,0,0,0,0,0,0,
"-19,15",0,0,0,0,0,0,0,
"-19,16",0,0,0,0,0,0,0,
"-19,17",0,0,0,0,0,0,0,
"-19,18",0,0,0,0,0,0,0,
"-19,19",0,0,0,0,0,0,0,
"-19,20",0,0,0,0,0,0,0,
"-19,21",0,0,0,0,0,0,0,
"-19,22",0,0,0,0,0,0,0,
"-19,23",0,0,0,0,0,0,0,
"-19,24",0,0,0,0,0,0,0,
"-19,25",0,0,0,0,0,0,0,
"-19,26",0,0,0,0,0,0,0,
"-18,-26",7310,0,1,-94,-77,656352,532,
"-18,-25",43596,3,1,-94,-76,4693092,3797,
"-18,-24",56805,5,1,-94,-75,5013216,4056,
"-18,-23",26302,2,1,-94,-74,1652532,1337,
"-18,-22",36699,3,1,-94,-73,2387952,1932,
"-18,-21",51244,4,1,-94,-72,3661032,2962,
"-18,-20",65708,6,1,-94,-71,4428588,3583,
"-18,-19",82916,6,1,-94,-69,7240488,5858,
"-18,-18",107831,11,1,-94,-65,5036736,4076,
"-18,-17",110905,11,1,-94,-64,5497728,4448,
"-18,-16",106266,11,1,-94,-65,6529824,5284,
"-18,-15",84238,11,1,-94,-67,4971264,4024,
"-18,-14",58732,6,1,-94,-71,3246972,2627,
"-18,-13",64649,6,1,-94,-72,6108312,4942,
"-18,-12",64292,6,1,-94,-73,7417236,6001,
"-18,-11",63674,6,1,-94,-74,6327084,5119,
"-18,-10",68773,7,1,-94,-75,3834072,3102,
"-18,-9",27845,3,1,-94,-76,2593164,2099,
"-18,-8",7309,0,1,-94,-77,537696,436,
"-18,-7",42530,4,1,-94,-78,3588108,2903,
"-18,-6",28797,3,1,-94,-79,1755120,1420,
"-18,-5",23331,3,1,-94,-79,1582080,1280,
"-18,-4",23716,3,1,-94,-80,1920744,1554,
"-18,-3",26658,3,1,-94,-81,2242104,1814,
"-18,-2",25588,3,1,-94,-82,2213676,1791,
"-18,-1",0,0,0,0,0,0,0,
"-18,0",0,0,0,0,0,0,0,
"-18,1",0,0,0,0,0,0,0,
"-18,2",0,0,0,0,0,0,0,
"-18,3",0,0,0,0,0,0,0,
"-18,4",0,0,0,0,0,0,0,
"-18,5",0,0,0,0,0,0,0,
"-18,6",0,0,0,0,0,0,0,
"-18,7",0,0,0,0,0,0,0,
"-18,8",0,0,0,0,0,0,0,
"-18,9",0,0,0,0,0,0,0,
"-18,10",0,0,0,0,0,0,0,
"-18,11",0,0,0,0,0,0,0,
"-18,12",0,0,0,0,0,0,0,
"-18,13",0,0,0,0,0,0,0,
"-18,14",0,0,0,0,0,0,0,
"-18,15",0,0,0,0,0,0,0,
"-18,16",0,0,0,0,0,0,0,
"-18,17",0,0,0,0,0,0,0,
"-18,18",0,0,0,0,0,0,0,
"-18,19",0,0,0,0,0,0,0,
"-18,20",0,0,0,0,0,0,0,
"-18,21",0,0,0,0,0,0,0,
"-18,22",0,0,0,0,0,0,0,
"-18,23",0,0,0,0,0,0,0,
"-18,24",0,0,0,0,0,0,0,
"-18,25",0,0,0,0,0,0,0,
"-18,26",0,0,0,0,0,0,0,
"-17,-26",42544,4,1,-94,-76,4276560,3460,
"-17,-25",40745,4,1,-94,-75,4822908,3903,
"-17,-24",34926,3,1,-94,-74,2452224,1984,
"-17,-23",57383,5,1,-94,-73,4311168,3488,
"-17,-22",58146,5,1,-94,-72,6322140,5115,
"-17,-21",106814,11,1,-94,-65,4445892,3597,
"-17,-20",118541,11,1,-94,-62,5225808,4228,
"-17,-19",119295,11,1,-94,-62,6738672,5452,
"-17,-18",120034,11,1,-94,-61,5208648,4218,
"-17,-17",120430,11,1,-94,-61,4314876,3491,
"-17,-16",119859,11,1,-94,-61,5999544,4854,
"-17,-15",119574,11,1,-94,-61,7559376,6116,
"-17,-14",119347,11,1,-94,-62,6375288,5158,
"-17,-13",110204,11,1,-94,-64,5830212,4717,
"-17,-12",65278,6,1,-94,-72,6375288,5158,
"-17,-11",63332,6,1,-94,-73,5061420,4095,
"-17,-10",52350,5,1,-94,-74,4087452,3307,
"-17,-9",51727,4,1,-94,-73,2520348,2043,
"-17,-8",41256,4,1,-94,-76,3769836,3051,
"-17,-7",38628,4,1,-94,-77,2402784,1944,
"-17,-6",42584,4,1,-94,-78,3359448,2718,
"-17,-5",42471,4,1,-94,-79,3481812,2817,
"-17,-4",39478,4,1,-94,-80,2399076,1941,
"-17,-3",11350,0,1,-94,-81,604404,489,
"-17,-2",27366,3,1,-94,-81,2432448,1968,
"-17,-1",0,0,0,0,0,0,0,
"-17,0",0,0,0,0,0,0,0,
"-17,1",0,0,0,0,0,0,0,
"-17,2",0,0,0,0,0,0,0,
"-17,3",0,0,0,0,0,0,0,
"-17,4",0,0,0,0,0,0,0,
"-17,5",0,0,0,0,0,0,0,
"-17,6",0,0,0,0,0,0,0,
"-17,7",0,0,0,0,0,0,0,
"-17,8",0,0,0,0,0,0,0,
"-17,9",0,0,0,0,0,0,0,
"-17,10",0,0,0,0,0,0,0,
"-17,11",0,0,0,0,0,0,0,
"-17,12",0,0,0,0,0,0,0,
"-17,13",0,0,0,0,0,0,0,
"-17,14",0,0,0,0,0,0,0,
"-17,15",0,0,0,0,0,0,0,
"-17,16",0,0,0,0,0,0,0,
"-17,17",0,0,0,0,0,0,0,
"-17,18",0,0,0,0,0,0,0,
"-17,19",0,0,0,0,0,0,0,
"-17,20",0,0,0,0,0,0,0,
"-17,21",0,0,0,0,0,0,0,
"-17,22",0,0,0,0,0,0,0,
"-17,23",0,0,0,0,0,0,0,
"-17,24",0,0,0,0,0,0,0,
"-17,25",0,0,0,0,0,0,0,
"-17,26",0,0,0,0,0,0,0,
"-16,-26",30059,0,1,-94,-75,1124796,911,
"-16,-25",56839,7,1,-94,-74,2312556,1871,
"-16,-24",70232,7,1,-94,-73,5098500,4125,
"-16,-23",72790,7,1,-94,-71,6675636,5401,
"-16,-22",116720,11,1,-94,-63,6123144,4954,
"-16,-21",119565,11,1,-94,-61,7725000,6250,
"-16,-20",119815,11,1,-94,-61,11906388,9633,
"-16,-19",119750,11,1,-94,-60,12118980,9805,
"-16,-18",120474,11,1,-94,-59,8160108,6603,
"-16,-17",120078,11,1,-94,-59,10086996,8161,
"-16,-13",120026,11,1,-94,-61,6878340,5565,
"-16,-12",116598,11,1,-94,-63,8926392,7222,
"-16,-11",72472,7,1,-94,-70,3460836,2801,
"-16,-10",42473,4,1,-94,-73,4410048,3568,
"-16,-9",62516,7,1,-94,-74,2815608,2278,
"-16,-8",28144,3,1,-94,-75,2866320,2320,
"-16,-7",33927,0,1,-94,-76,1467168,1188,
"-16,-6",21565,2,1,-94,-77,1752720,1420,
"-16,-5",22805,3,1,-94,-78,1312632,1062,
"-16,-4",23615,3,1,-94,-79,1713096,1386,
"-16,-3",23060,2,1,-94,-80,1924452,1557,
"-16,-2",17045,2,1,-94,-81,1381848,1118,
"-16,-1",21731,2,1,-94,-82,2013444,1629,
"-16,0",0,0,0,0,0,0,0,
"-16,1",0,0,0,0,0,0,0,
"-16,2",0,0,0,0,0,0,0,
"-16,3",0,0,0,0,0,0,0,
"-16,4",0,0,0,0,0,0,0,
"-16,5",0,0,0,0,0,0,0,
"-16,6",0,0,0,0,0,0,0,
"-16,7",0,0,0,0,0,0,0,
"-16,8",0,0,0,0,0,0,0,
"-16,9",0,0,0,0,0,0,0,
"-16,10",0,0,0,0,0,0,0,
"-16,11",0,0,0,0,0,0,0,
"-16,12",0,0,0,0,0,0,0,
"-16,13",0,0,0,0,0,0,0,
"-16,17",0,0,0,0,0,0,0,
"-16,18",0,0,0,0,0,0,0,
"-16,19",0,0,0,0,0,0,0,
"-16,20",0,0,0,0,0,0,0,
"-16,21",0,0,0,0,0,0,0,
"-16,22",0,0,0,0,0,0,0,
"-16,23",0,0,0,0,0,0,0,
"-16,24",0,0,0,0,0,0,0,
"-16,25",0,0,0,0,0,0,0,
"-16,26",0,0,0,0,0,0,0,
"-15,-26",33946,0,1,-94,-74,1060488,858,
"-15,-25",32073,2,1,-94,-73,2390424,1934,
"-15,-24",51532,6,1,-94,-72,4297572,3477,
"-15,-23",114064,11,1,-94,-63,8195916,6631,
"-15,-22",120227,11,1,-94,-61,5479188,4433,
"-15,-21",119992,11,1,-94,-60,7041492,5697,
"-15,-20",120172,11,1,-94,-58,6356748,5143,
"-15,-19",120478,11,1,-94,-57,5255472,4252,
"-15,-18",119918,11,1,-94,-56,6983436,5651,
"-15,-17",120386,11,1,-94,-56,5405028,4373,
"-15,-13",119892,11,1,-94,-59,7026660,5685,
"-15,-12",119943,11,1,-94,-61,6637356,5371,
"-15,-11",117839,11,1,-94,-63,6240600,5050,
"-15,-10",66762,6,1,-94,-71,3906996,3161,
"-15,-9",52231,4,1,-94,-73,4364316,3531,
"-15,-8",55222,6,1,-94,-74,6789348,5493,
"-15,-7",57175,6,1,-94,-76,3942840,3190,
"-15,-6",55349,5,1,-94,-76,3688296,2986,
"-15,-5",40409,5,1,-94,-78,1406568,1138,
"-15,-4",20660,2,1,-94,-79,2071572,1677,
"-15,-3",27907,2,1,-94,-80,1857708,1503,
"-15,-2",42412,4,1,-94,-81,3455856,2796,
"-15,-1",25751,1,1,-94,-82,1594440,1290,
"-15,0",0,0,0,0,0,0,0,
"-15,1",0,0,0,0,0,0,0,
"-15,2",0,0,0,0,0,0,0,
"-15,3",0,0,0,0,0,0,0,
"-15,4",0,0,0,0,0,0,0,
"-15,5",0,0,0,0,0,0,0,
"-15,6",0,0,0,0,0,0,0,
"-15,7",0,0,0,0,0,0,0,
"-15,8",0,0,0,0,0,0,0,
"-15,9",0,0,0,0,0,0,0,
"-15,10",0,0,0,0,0,0,0,
"-15,11",0,0,0,0,0,0,0,
"-15,12",0,0,0,0,0,0,0,
"-15,13",0,0,0,0,0,0,0,
"-15,17",0,0,0,0,0,0,0,
"-15,18",0,0,0,0,0,0,0,
"-15,19",0,0,0,0,0,0,0,
"-15,20",0,0,0,0,0,0,0,
"-15,21",0,0,0,0,0,0,0,
"-15,22",0,0,0,0,0,0,0,
"-15,23",0,0,0,0,0,0,0,
"-15,24",0,0,0,0,0,0,0,
"-15,25",0,0,0,0,0,0,0,
"-15,26",0,0,0,0,0,0,0,
"-14,-26",23719,3,1,-94,-74,1783584,1444,
"-14,-25",53608,5,1,-94,-72,4694328,3798,
"-14,-24",101572,11,1,-94,-65,6869688,5558,
"-14,-23",119840,11,1,-94,-61,7863432,6362,
"-14,-22",120692,11,1,-94,-60,6988344,5654,
"-14,-21",120441,11,1,-94,-58,8566752,6932,
"-14,-20",120353,11,1,-94,-56,8076024,6534,
"-14,-19",120787,11,1,-94,-54,5409972,4377,
"-14,-18",121072,11,1,-94,-53,4660992,3772,
"-14,-17",120182,11,1,-94,-53,7200936,5826,
"-14,-13",120429,11,1,-94,-57,4783320,3870,
"-14,-12",119892,11,1,-94,-59,8430756,6821,
"-14,-11",120768,11,1,-94,-61,6130596,4961,
"-14,-10",117581,11,1,-94,-63,5329668,4313,
"-14,-9",62261,6,1,-94,-72,5181384,4194,
"-14,-8",65295,6,1,-94,-74,5183784,4194,
"-14,-7",64491,6,1,-94,-75,5686908,4603,
"-14,-6",59455,6,1,-94,-76,3494244,2829,
"-14,-5",29189,3,1,-94,-77,2214912,1792,
"-14,-4",28262,3,1,-94,-79,2057940,1665,
"-14,-3",28690,3,1,-94,-80,2970108,2403,
"-14,-2",23764,3,1,-94,-80,1494324,1209,
"-14,-1",27981,3,1,-94,-81,3023256,2446,
"-14,0",0,0,0,0,0,0,0,
"-14,1",0,0,0,0,0,0,0,
"-14,2",0,0,0,0,0,0,0,
"-14,3",0,0,0,0,0,0,0,
"-14,4",0,0,0,0,0,0,0,
"-14,5",0,0,0,0,0,0,0,
"-14,6",0,0,0,0,0,0,0,
"-14,7",0,0,0,0,0,0,0,
"-14,8",0,0,0,0,0,0,0,
"-14,9",0,0,0,0,0,0,0,
"-14,10",0,0,0,0,0,0,0,
"-14,11",0,0,0,0,0,0,0,
"-14,12",0,0,0,0,0,0,0,
"-14,13",0,0,0,0,0,0,0,
"-14,17",0,0,0,0,0,0,0,
"-14,18",0,0,0,0,0,0,0,
"-14,19",0,0,0,0,0,0,0,
"-14,20",0,0,0,0,0,0,0,
"-14,21",0,0,0,0,0,0,0,
"-14,22",0,0,0,0,0,0,0,
"-14,23",0,0,0,0,0,0,0,
"-14,24",0,0,0,0,0,0,0,
"-14,25",0,0,0,0,0,0,0,
"-14,26",0,0,0,0,0,0,0,
"-13,-26",41195,4,1,-94,-73,2632752,2132,
"-13,-25",49128,4,1,-94,-71,4526232,3662,
"-13,-24",119880,11,1,-94,-62,3017076,2441,
"-13,-23",120543,11,1,-94,-60,4830288,3908,
"-13,-22",119608,11,1,-94,-58,8453004,6839,
"-13,-21",120507,11,1,-94,-56,8263896,6686,
"-13,-20",120039,11,1,-94,-54,9614844,7779,
"-13,-19",120865,11,1,-94,-51,6163932,4987,
"-13,-18",120931,11,1,-94,-49,3662304,2964,
"-13,-17",119809,11,1,-94,-49,11182164,9049,
"-13,-16",121455,11,1,-94,-49,5772120,4670,
"-13,-15",121684,11,1,-94,-51,5114604,4139,
"-13,-14",120769,11,1,-94,-53,8723724,7059,
"-13,-13",120739,11,1,-94,-56,8906616,7206,
"-13,-12",120921,11,1,-94,-58,5796840,4690,
"-13,-11",120299,11,1,-94,-60,5853696,4736,
"-13,-10",118311,11,1,-94,-62,8905380,7205,
"-13,-9",72109,6,1,-94,-71,6067560,4910,
"-13,-8",57768,6,1,-94,-73,5761032,4662,
"-13,-7",32462,3,1,-94,-75,3488028,2823,
"-13,-6",25036,0,1,-94,-76,1012284,819,
"-13,-5",52102,5,1,-94,-77,3408888,2758,
"-13,-4",35078,4,1,-94,-78,2234688,1808,
"-13,-3",43202,4,1,-94,-79,4431060,3585,
"-13,-2",42208,4,1,-94,-80,3415068,2763,
"-13,-1",35073,4,1,-94,-81,2494248,2018,
"-13,0",0,0,0,0,0,0,0,
"-13,1",0,0,0,0,0,0,0,
"-13,2",0,0,0,0,0,0,0,
"-13,3",0,0,0,0,0,0,0,
"-13,4",0,0,0,0,0,0,0,
"-13,5",0,0,0,0,0,0,0,
"-13,6",0,0,0,0,0,0,0,
"-13,7",0,0,0,0,0,0,0,
"-13,8",0,0,0,0,0,0,0,
"-13,9",0,0,0,0,0,0,0,
"-13,10",0,0,0,0,0,0,0,
"-13,11",0,0,0,0,0,0,0,
"-13,12",0,0,0,0,0,0,0,
"-13,13",0,0,0,0,0,0,0,
"-13,14",0,0,0,0,0,0,0,
"-13,15",0,0,0,0,0,0,0,
"-13,16",0,0,0,0,0,0,0,
"-13,17",0,0,0,0,0,0,0,
"-13,18",0,0,0,0,0,0,0,
"-13,19",0,0,0,0,0,0,0,
"-13,20",0,0,0,0,0,0,0,
"-13,21",0,0,0,0,0,0,0,
"-13,22",0,0,0,0,0,0,0,
"-13,23",0,0,0,0,0,0,0,
"-13,24",0,0,0,0,0,0,0,
"-13,25",0,0,0,0,0,0,0,
"-13,26",0,0,0,0,0,0,0,
"-12,-26",42434,4,1,-94,-73,4170300,3375,
"-12,-25",96409,11,1,-94,-65,1684668,1363,
"-12,-24",120476,11,1,-94,-61,5412444,4379,
"-12,-23",120719,11,1,-94,-59,6862272,5552,
"-12,-22",121011,11,1,-94,-57,5093556,4121,
"-12,-21",119984,11,1,-94,-54,12049764,9749,
"-12,-20",120922,11,1,-94,-51,8068644,6529,
"-12,-19",120604,11,1,-94,-48,9624732,7787,
"-12,-18",121135,11,1,-94,-44,6227004,5039,
"-12,-17",120943,11,1,-94,-43,7582932,6137,
"-12,-16",120633,11,1,-94,-44,10112952,8182,
"-12,-15",120234,11,1,-94,-47,8989428,7273,
"-12,-14",120162,11,1,-94,-51,6288768,5088,
"-12,-13",120357,11,1,-94,-54,9419556,7621,
"-12,-12",120160,11,1,-94,-57,10177224,8234,
"-12,-11",120335,11,1,-94,-59,9418356,7621,
"-12,-10",120777,11,1,-94,-61,6158988,4983,
"-12,-9",120130,11,1,-94,-63,302820,245,
"-12,-8",7312,0,1,-94,-73,22248,18,
"-12,-7",28375,0,0,-94,-74,72,2,
"-12,-6",0,0,0,0,0,0,0,
"-12,-5",0,0,0,0,0,0,0,
"-12,-4",0,0,0,0,0,0,0,
"-12,-3",6000,0,0,-94,-79,36,1,
"-12,-2",6000,0,0,-94,-80,36,1,
"-12,-1",0,0,0,0,0,0,0,
"-12,0",11312,0,0,-94,-82,72,2,
"-12,1",0,0,0,0,0,0,0,
"-12,2",0,0,0,0,0,0,0,
"-12,3",0,0,0,0,0,0,0,
"-12,4",0,0,0,0,0,0,0,
"-12,5",0,0,0,0,0,0,0,
"-12,6",0,0,0,0,0,0,0,
"-12,7",0,0,0,0,0,0,0,
"-12,8",0,0,0,0,0,0,0,
"-12,9",0,0,0,0,0,0,0,
"-12,10",0,0,0,0,0,0,0,
"-12,11",0,0,0,0,0,0,0,
"-12,12",0,0,0,0,0,0,0,
"-12,13",0,0,0,0,0,0,0,
"-12,14",0,0,0,0,0,0,0,
"-12,15",0,0,0,0,0,0,0,
"-12,16",0,0,0,0,0,0,0,
"-12,17",0,0,0,0,0,0,0,
"-12,18",0,0,0,0,0,0,0,
"-12,19",0,0,0,0,0,0,0,
"-12,20",0,0,0,0,0,0,0,
"-12,21",0,0,0,0,0,0,0,
"-12,22",0,0,0,0,0,0,0,
"-12,23",0,0,0,0,0,0,0,
"-12,24",0,0,0,0,0,0,0,
"-12,25",0,0,0,0,0,0,0,
"-12,26",0,0,0,0,0,0,0,
"-11,-26",27641,3,1,-94,-72,2583276,2091,
"-11,-25",109902,11,1,-94,-64,3261804,2639,
"-11,-24",120315,11,1,-94,-61,5084904,4114,
"-11,-23",120147,11,1,-94,-59,5634924,4559,
"-11,-22",120130,11,1,-94,-56,10009128,8098,
"-11,-21",120075,11,1,-94,-53,7385100,5975,
"-11,-20",120676,11,1,-94,-49,4251840,3440,
"-11,-19",120080,11,1,-94,-45,10054860,8135,
"-11,-18",121108,11,1,-94,-39,11792712,9542,
"-11,-17",120475,11,1,-94,-34,10779156,8721,
"-11,-16",120642,11,1,-94,-37,9942384,8044,
"-11,-15",121002,11,1,-94,-43,7441956,6021,
"-11,-14",121034,11,1,-94,-48,2769876,2241,
"-11,-13",121221,11,1,-94,-52,9286068,7513,
"-11,-12",120405,11,1,-94,-55,5412444,4379,
"-11,-11",119920,11,1,-94,-58,7016772,5677,
"-11,-10",119865,11,1,-94,-61,6654660,5385,
"-11,-9",118459,11,1,-94,-63,3332364,2699,
"-11,-8",0,0,0,0,0,0,0,
"-11,-7",0,0,0,0,0,0,0,
"-11,-6",0,0,0,0,0,0,0,
"-11,-5",45875,6,1,-94,-77,2508,3,
"-11,-4",0,0,0,0,0,0,0,
"-11,-3",6000,0,0,-94,-79,36,1,
"-11,-2",11973,0,1,-94,-80,3816,6,
"-11,-1",22890,3,1,-94,-81,1829280,1480,
"-11,0",25716,3,1,-94,-82,1642644,1329,
"-11,1",0,0,0,0,0,0,0,
"-11,2",0,0,0,0,0,0,0,
"-11,3",0,0,0,0,0,0,0,
"-11,4",0,0,0,0,0,0,0,
"-11,5",0,0,0,0,0,0,0,
"-11,6",0,0,0,0,0,0,0,
"-11,7",0,0,0,0,0,0,0,
"-11,8",0,0,0,0,0,0,0,
"-11,9",0,0,0,0,0,0,0,
"-11,10",0,0,0,0,0,0,0,
"-11,11",0,0,0,0,0,0,0,
"-11,12",0,0,0,0,0,0,0,
"-11,13",0,0,0,0,0,0,0,
"-11,14",0,0,0,0,0,0,0,
"-11,15",0,0,0,0,0,0,0,
"-11,16",0,0,0,0,0,0,0,
"-11,17",0,0,0,0,0,0,0,
"-11,18",0,0,0,0,0,0,0,
"-11,19",0,0,0,0,0,0,0,
"-11,20",0,0,0,0,0,0,0,
"-11,21",0,0,0,0,0,0,0,
"-11,22",0,0,0,0,0,0,0,
"-11,23",0,0,0,0,0,0,0,
"-11,24",0,0,0,0,0,0,0,
"-11,25",0,0,0,0,0,0,0,
"-11,26",0,0,0,0,0,0,0,
"-10,-26",18805,2,1,-94,-72,1200156,971,
"-10,-25",116882,11,1,-94,-63,1992432,1612,
"-10,-24",120284,11,1,-94,-61,5437164,4399,
"-10,-23",120106,11,1,-94,-58,7245432,5862,
"-10,-22",120371,11,1,-94,-56,6178800,5000,
"-10,-21",120982,11,1,-94,-53,12080664,9774,
"-10,-20",121145,11,1,-94,-48,9909012,8017,
"-10,-19",121150,11,1,-94,-43,11130180,9005,
"-10,-18",120647,11,1,-94,-33,4924260,3985,
"-10,-17",121717,11,1,-94,-31,9680352,7832,
"-10,-16",121651,11,1,-94,-31,6308544,5104,
"-10,-15",120098,11,1,-94,-41,6285060,5085,
"-10,-14",120902,11,1,-94,-47,8038944,6504,
"-10,-13",120612,11,1,-94,-52,10685220,8645,
"-10,-12",120743,11,1,-94,-55,6225732,5037,
"-10,-11",120306,11,1,-94,-58,8855976,7166,
"-10,-10",120725,11,1,-94,-60,6107076,4941,
"-10,-9",118605,11,1,-94,-63,4491660,3635,
"-10,-8",11788,1,1,-94,-72,866436,701,
"-10,-7",47041,6,1,-94,-74,2038164,1649,
"-10,-6",61175,6,1,-94,-75,4768524,3859,
"-10,-5",38587,4,1,-94,-77,2138280,1730,
"-10,-4",42561,4,1,-94,-78,4128240,3340,
"-10,-3",42704,4,1,-94,-79,4052844,3279,
"-10,-2",27009,2,1,-94,-80,1802124,1459,
"-10,-1",21953,0,1,-94,-81,944376,766,
"-10,0",39106,4,1,-94,-82,1732872,1402,
"-10,1",0,0,0,0,0,0,0,
"-10,2",0,0,0,0,0,0,0,
"-10,3",0,0,0,0,0,0,0,
"-10,4",0,0,0,0,0,0,0,
"-10,5",0,0,0,0,0,0,0,
"-10,6",0,0,0,0,0,0,0,
"-10,7",0,0,0,0,0,0,0,
"-10,8",0,0,0,0,0,0,0,
"-10,9",0,0,0,0,0,0,0,
"-10,10",0,0,0,0,0,0,0,
"-10,11",0,0,0,0,0,0,0,
"-10,12",0,0,0,0,0,0,0,
"-10,13",0,0,0,0,0,0,0,
"-10,14",0,0,0,0,0,0,0,
"-10,15",0,0,0,0,0,0,0,
"-10,16",0,0,0,0,0,0,0,
"-10,17",0,0,0,0,0,0,0,
"-10,18",0,0,0,0,0,0,0,
"-10,19",0,0,0,0,0,0,0,
"-10,20",0,0,0,0,0,0,0,
"-10,21",0,0,0,0,0,0,0,
"-10,22",0,0,0,0,0,0,0,
"-10,23",0,0,0,0,0,0,0,
"-10,24",0,0,0,0,0,0,0,
"-10,25",0,0,0,0,0,0,0,
"-10,26",0,0,0,0,0,0,0,
"-9,-26",59229,6,1,-94,-72,6108312,4942,
"-9,-25",111479,11,1,-94,-64,4385328,3548,
"-9,-24",120300,11,1,-94,-61,6355512,5142,
"-9,-23",120576,11,1,-94,-59,5419860,4385,
"-9,-22",120106,11,1,-94,-56,7423416,6006,
"-9,-21",120279,11,1,-94,-53,6349332,5137,
"-9,-20",120237,11,1,-94,-49,6795528,5498,
"-9,-19",120668,11,1,-94,-43,5094792,4122,
"-9,-18",120988,11,1,-94,-36,8907852,7207,
"-9,-17",120638,11,1,-94,-31,9176064,7424,
"-9,-16",120507,11,1,-94,-34,7278804,5889,
"-9,-15",120834,11,1,-94,-42,2762460,2235,
"-9,-14",120456,11,1,-94,-48,4822872,3902,
"-9,-13",119708,11,1,-94,-52,8271312,6692,
"-9,-12",120434,11,1,-94,-55,4442184,3594,
"-9,-11",120237,11,1,-94,-58,5276484,4269,
"-9,-10",120419,11,1,-94,-60,4515144,3654,
"-9,-9",117023,11,1,-94,-63,5710320,4620,
"-9,-8",65391,6,1,-94,-72,6277644,5079,
"-9,-7",71386,7,1,-94,-74,6313488,5108,
"-9,-6",42691,4,1,-94,-75,3155508,2553,
"-9,-5",45349,4,1,-94,-77,2721672,2202,
"-9,-4",11873,1,1,-94,-78,1072848,868,
"-9,-3",42734,4,1,-94,-79,4826580,3905,
"-9,-2",42527,4,1,-94,-80,3520128,2848,
"-9,-1",41116,4,1,-94,-81,312744,254,
"-9,0",0,0,0,0,0,0,0,
"-9,1",0,0,0,0,0,0,0,
"-9,2",0,0,0,0,0,0,0,
"-9,3",0,0,0,0,0,0,0,
"-9,4",0,0,0,0,0,0,0,
"-9,5",0,0,0,0,0,0,0,
"-9,6",0,0,0,0,0,0,0,
"-9,7",0,0,0,0,0,0,0,
"-9,8",0,0,0,0,0,0,0,
"-9,9",0,0,0,0,0,0,0,
"-9,10",0,0,0,0,0,0,0,
"-9,11",0,0,0,0,0,0,0,
"-9,12",0,0,0,0,0,0,0,
"-9,13",0,0,0,0,0,0,0,
"-9,14",0,0,0,0,0,0,0,
"-9,15",0,0,0,0,0,0,0,
"-9,16",0,0,0,0,0,0,0,
"-9,17",0,0,0,0,0,0,0,
"-9,18",0,0,0,0,0,0,0,
"-9,19",0,0,0,0,0,0,0,
"-9,20",0,0,0,0,0,0,0,
"-9,21",0,0,0,0,0,0,0,
"-9,22",0,0,0,0,0,0,0,
"-9,23",0,0,0,0,0,0,0,
"-9,24",0,0,0,0,0,0,0,
"-9,25",0,0,0,0,0,0,0,
"-9,26",0,0,0,0,0,0,0,
"-8,-26",22693,3,1,-94,-73,1614216,1306,
"-8,-25",102492,11,1,-94,-65,2535036,2051,
"-8,-24",120705,11,1,-94,-61,3253152,2632,
"-8,-23",119999,11,1,-94,-59,6032916,4881,
"-8,-22",120210,11,1,-94,-57,5432220,4395,
"-8,-21",119932,11,1,-94,-54,6849912,5542,
"-8,-20",120699,11,1,-94,-51,8897964,7199,
"-8,-19",121142,11,1,-94,-46,1735344,1404,
"-8,-18",120807,11,1,-94,-43,6454428,5223,
"-8,-17",121112,11,1,-94,-41,9158760,7410,
"-8,-16",121828,11,1,-94,-42,7795452,6307,
"-8,-15",121401,11,1,-94,-46,2198844,1779,
"-8,-14",120037,11,1,-94,-50,5772120,4670,
"-8,-13",120198,11,1,-94,-53,6989580,5655,
"-8,-12",120125,11,1,-94,-56,7013064,5674,
"-8,-11",120156,11,1,-94,-59,7412292,5997,
"-8,-10",119968,11,1,-94,-61,7454316,6031,
"-8,-9",117214,11,1,-94,-63,3202512,2592,
"-8,-8",60296,7,1,-94,-73,2893476,2341,
"-8,-7",70779,7,1,-94,-74,5157828,4173,
"-8,-6",13307,0,1,-94,-76,765084,619,
"-8,-5",29801,2,1,-94,-77,2458404,1989,
"-8,-4",27961,2,1,-94,-78,2048052,1657,
"-8,-3",42001,4,1,-94,-79,4007184,3244,
"-8,-2",42365,4,1,-94,-80,3412596,2761,
"-8,-1",30803,4,1,-94,-81,2017152,1632,
"-8,0",25173,2,1,-94,-82,1734180,1405,
"-8,1",0,0,0,0,0,0,0,
"-8,2",0,0,0,0,0,0,0,
"-8,3",0,0,0,0,0,0,0,
"-8,4",0,0,0,0,0,0,0,
"-8,5",0,0,0,0,0,0,0,
"-8,6",0,0,0,0,0,0,0,
"-8,7",0,0,0,0,0,0,0,
"-8,8",0,0,0,0,0,0,0,
"-8,9",0,0,0,0,0,0,0,
"-8,10",0,0,0,0,0,0,0,
"-8,11",0,0,0,0,0,0,0,
"-8,12",0,0,0,0,0,0,0,
"-8,13",0,0,0,0,0,0,0,
"-8,14",0,0,0,0,0,0,0,
"-8,15",0,0,0,0,0,0,0,
"-8,16",0,0,0,0,0,0,0,
"-8,17",0,0,0,0,0,0,0,
"-8,18",0,0,0,0,0,0,0,
"-8,19",0,0,0,0,0,0,0,
"-8,20",0,0,0,0,0,0,0,
"-8,21",0,0,0,0,0,0,0,
"-8,22",0,0,0,0,0,0,0,
"-8,23",0,0,0,0,0,0,0,
"-8,24",0,0,0,0,0,0,0,
"-8,25",0,0,0,0,0,0,0,
"-8,26",0,0,0,0,0,0,0,
"-7,-26",7401,0,1,-94,-73,716880,580,
"-7,-25",59430,5,1,-94,-71,3935424,3184,
"-7,-24",119675,11,1,-94,-62,4596684,3719,
"-7,-23",119956,11,1,-94,-60,6018084,4869,
"-7,-22",118609,11,1,-94,-58,9461616,7656,
"-7,-21",120949,11,1,-94,-55,3754968,3038,
"-7,-20",120384,11,1,-94,-53,11355132,9187,
"-7,-19",119923,11,1,-94,-50,10739604,8689,
"-7,-18",120105,11,1,-94,-48,6870960,5560,
"-7,-17",119736,11,1,-94,-47,10263744,8304,
"-7,-16",120800,11,1,-94,-48,8879424,7184,
"-7,-15",120535,11,1,-94,-50,10273632,8312,
"-7,-14",120316,11,1,-94,-53,12049764,9749,
"-7,-13",121008,11,1,-94,-55,7160148,5793,
"-7,-12",121000,11,1,-94,-57,7497576,6066,
"-7,-11",120831,11,1,-94,-60,8352888,6758,
"-7,-10",120479,11,1,-94,-61,4604100,3725,
"-7,-9",91411,7,1,-94,-68,6430944,5204,
"-7,-8",71205,7,1,-94,-73,6142920,4970,
"-7,-7",42486,4,1,-94,-75,3221016,2606,
"-7,-6",53318,5,1,-94,-76,4359372,3527,
"-7,-5",56640,5,1,-94,-77,5255472,4252,
"-7,-4",42177,4,1,-94,-78,3560916,2881,
"-7,-3",42709,4,1,-94,-79,3605412,2917,
"-7,-2",42497,4,1,-94,-80,3521364,2849,
"-7,-1",12850,0,1,-94,-81,564888,458,
"-7,0",0,0,0,0,0,0,0,
"-7,1",0,0,0,0,0,0,0,
"-7,2",0,0,0,0,0,0,0,
"-7,3",0,0,0,0,0,0,0,
"-7,4",0,0,0,0,0,0,0,
"-7,5",0,0,0,0,0,0,0,
"-7,6",0,0,0,0,0,0,0,
"-7,7",0,0,0,0,0,0,0,
"-7,8",0,0,0,0,0,0,0,
"-7,9",0,0,0,0,0,0,0,
"-7,10",0,0,0,0,0,0,0,
"-7,11",0,0,0,0,0,0,0,
"-7,12",0,0,0,0,0,0,0,
"-7,13",0,0,0,0,0,0,0,
"-7,14",0,0,0,0,0,0,0,
"-7,15",0,0,0,0,0,0,0,
"-7,16",0,0,0,0,0,0,0,
"-7,17",0,0,0,0,0,0,0,
"-7,18",0,0,0,0,0,0,0,
"-7,19",0,0,0,0,0,0,0,
"-7,20",0,0,0,0,0,0,0,
"-7,21",0,0,0,0,0,0,0,
"-7,22",0,0,0,0,0,0,0,
"-7,23",0,0,0,0,0,0,0,
"-7,24",0,0,0,0,0,0,0,
"-7,25",0,0,0,0,0,0,0,
"-7,26",0,0,0,0,0,0,0,
"-6,-26",43253,4,1,-94,-74,3820512,3092,
"-6,-25",54204,7,1,-94,-72,2055468,1663,
"-6,-24",111527,11,1,-94,-64,6293820,5095,
"-6,-23",120032,11,1,-94,-61,5791896,4686,
"-6,-22",120386,11,1,-94,-59,5911788,4783,
"-6,-21",120110,11,1,-94,-57,7074864,5724,
"-6,-20",119875,11,1,-94,-55,7984560,6460,
"-6,-19",121096,11,1,-94,-53,2790888,2258,
"-6,-18",121295,11,1,-94,-52,2630244,2129,
"-6,-17",121232,11,1,-94,-51,1742796,1411,
"-6,-16",120246,11,1,-94,-52,5351880,4330,
"-6,-15",120217,11,1,-94,-53,5358132,4337,
"-6,-14",119628,11,1,-94,-55,7119360,5760,
"-6,-13",120221,11,1,-94,-57,9183480,7430,
"-6,-12",120906,11,1,-94,-59,3176520,2570,
"-6,-11",120338,11,1,-94,-61,7739832,6262,
"-6,-10",117732,11,1,-94,-63,4726464,3824,
"-6,-9",67225,7,1,-94,-72,4724028,3823,
"-6,-8",71378,7,1,-94,-74,5850024,4734,
"-6,-7",55461,4,1,-94,-75,4670916,3781,
"-6,-6",43153,4,1,-94,-76,3331020,2695,
"-6,-5",42948,4,1,-94,-77,4824108,3903,
"-6,-4",42091,4,1,-94,-79,4026888,3258,
"-6,-3",41987,4,1,-94,-80,3840252,3107,
"-6,-2",42421,4,1,-94,-80,3888456,3146,
"-6,-1",38084,4,1,-94,-81,2631444,2129,
"-6,0",0,0,0,0,0,0,0,
"-6,1",0,0,0,0,0,0,0,
"-6,2",0,0,0,0,0,0,0,
"-6,3",0,0,0,0,0,0,0,
"-6,4",0,0,0,0,0,0,0,
"-6,5",0,0,0,0,0,0,0,
"-6,6",0,0,0,0,0,0,0,
"-6,7",0,0,0,0,0,0,0,
"-6,8",0,0,0,0,0,0,0,
"-6,9",0,0,0,0,0,0,0,
"-6,10",0,0,0,0,0,0,0,
"-6,11",0,0,0,0,0,0,0,
"-6,12",0,0,0,0,0,0,0,
"-6,13",0,0,0,0,0,0,0,
"-6,14",0,0,0,0,0,0,0,
"-6,15",0,0,0,0,0,0,0,
"-6,16",0,0,0,0,0,0,0,
"-6,17",0,0,0,0,0,0,0,
"-6,18",0,0,0,0,0,0,0,
"-6,19",0,0,0,0,0,0,0,
"-6,20",0,0,0,0,0,0,0,
"-6,21",0,0,0,0,0,0,0,
"-6,22",0,0,0,0,0,0,0,
"-6,23",0,0,0,0,0,0,0,
"-6,24",0,0,0,0,0,0,0,
"-6,25",0,0,0,0,0,0,0,
"-6,26",0,0,0,0,0,0,0,
"-5,-26",55708,5,1,-94,-74,5416260,4385,
"-5,-25",39645,4,1,-94,-73,2271768,1838,
"-5,-24",74098,7,1,-94,-71,6481584,5244,
"-5,-23",118127,11,1,-94,-62,6933960,5610,
"-5,-22",120038,11,1,-94,-61,5790660,4685,
"-5,-21",120565,11,1,-94,-59,4036776,3266,
"-5,-20",120848,11,1,-94,-57,2611668,2113,
"-5,-19",120243,11,1,-94,-56,4303752,3482,
"-5,-18",120199,11,1,-94,-55,4364352,3532,
"-5,-17",120319,11,1,-94,-55,3952800,3200,
"-5,-16",120664,11,1,-94,-55,3649908,2953,
"-5,-15",120583,11,1,-94,-56,4178916,3381,
"-5,-14",120624,11,1,-94,-57,3773508,3053,
"-5,-13",120038,11,1,-94,-59,6867216,5556,
"-5,-12",120414,11,1,-94,-60,5166480,4180,
"-5,-11",121098,11,1,-94,-62,1443648,1168,
"-5,-10",81904,6,1,-94,-69,7212060,5835,
"-5,-9",64431,6,1,-94,-73,888756,721,
"-5,-8",0,0,0,0,0,0,0,
"-5,-7",0,0,0,0,0,0,0,
"-5,-6",0,0,0,0,0,0,0,
"-5,-5",0,0,0,0,0,0,0,
"-5,-4",0,0,0,0,0,0,0,
"-5,-3",0,0,0,0,0,0,0,
"-5,-2",7294,0,1,-94,-81,174348,143,
"-5,-1",27983,3,1,-94,-82,2703132,2187,
"-5,0",0,0,0,0,0,0,0,
"-5,1",0,0,0,0,0,0,0,
"-5,2",0,0,0,0,0,0,0,
"-5,3",0,0,0,0,0,0,0,
"-5,4",0,0,0,0,0,0,0,
"-5,5",0,0,0,0,0,0,0,
"-5,6",0,0,0,0,0,0,0,
"-5,7",0,0,0,0,0,0,0,
"-5,8",0,0,0,0,0,0,0,
"-5,9",0,0,0,0,0,0,0,
"-5,10",0,0,0,0,0,0,0,
"-5,11",0,0,0,0,0,0,0,
"-5,12",0,0,0,0,0,0,0,
"-5,13",0,0,0,0,0,0,0,
"-5,14",0,0,0,0,0,0,0,
"-5,15",0,0,0,0,0,0,0,
"-5,16",0,0,0,0,0,0,0,
"-5,17",0,0,0,0,0,0,0,
"-5,18",0,0,0,0,0,0,0,
"-5,19",0,0,0,0,0,0,0,
"-5,20",0,0,0,0,0,0,0,
"-5,21",0,0,0,0,0,0,0,
"-5,22",0,0,0,0,0,0,0,
"-5,23",0,0,0,0,0,0,0,
"-5,24",0,0,0,0,0,0,0,
"-5,25",0,0,0,0,0,0,0,
"-5,26",0,0,0,0,0,0,0,
"-4,-26",56135,5,1,-94,-75,4104756,3321,
"-4,-25",42735,4,1,-94,-74,2584476,2091,
"-4,-24",41539,4,1,-94,-73,3249444,2629,
"-4,-23",75607,5,1,-94,-69,4028124,3259,
"-4,-22",120316,11,1,-94,-62,1914564,1549,
"-4,-21",119898,11,1,-94,-61,4883436,3951,
"-4,-20",120306,11,1,-94,-60,7712676,6241,
"-4,-19",120788,11,1,-94,-59,3822948,3093,
"-4,-18",121062,11,1,-94,-58,2255736,1826,
"-4,-17",120903,11,1,-94,-58,6814068,5513,
"-4,-16",119812,11,1,-94,-58,5380308,4353,
"-4,-15",120053,11,1,-94,-58,4705452,3807,
"-4,-14",120352,11,1,-94,-59,3983628,3223,
"-4,-13",120623,11,1,-94,-60,3224724,2609,
"-4,-12",119343,11,1,-94,-62,5339520,4320,
"-4,-11",104323,11,1,-94,-66,5281428,4273,
"-4,-10",71840,7,1,-94,-73,7153968,5788,
"-4,-9",71650,7,1,-94,-74,6303672,5102,
"-4,-8",45324,4,1,-94,-75,2625264,2124,
"-4,-7",43017,4,1,-94,-76,3853848,3118,
"-4,-6",42860,4,1,-94,-77,3659796,2961,
"-4,-5",43306,4,1,-94,-78,4523760,3660,
"-4,-4",41252,4,1,-94,-79,3515184,2844,
"-4,-3",40431,4,1,-94,-80,2965200,2400,
"-4,-2",20351,1,1,-94,-81,1637700,1325,
"-4,-1",11237,0,1,-94,-82,530280,430,
"-4,0",0,0,0,0,0,0,0,
"-4,1",0,0,0,0,0,0,0,
"-4,2",0,0,0,0,0,0,0,
"-4,3",0,0,0,0,0,0,0,
"-4,4",0,0,0,0,0,0,0,
"-4,5",0,0,0,0,0,0,0,
"-4,6",0,0,0,0,0,0,0,
"-4,7",0,0,0,0,0,0,0,
"-4,8",0,0,0,0,0,0,0,
"-4,9",0,0,0,0,0,0,0,
"-4,10",0,0,0,0,0,0,0,
"-4,11",0,0,0,0,0,0,0,
"-4,12",0,0,0,0,0,0,0,
"-4,13",0,0,0,0,0,0,0,
"-4,14",0,0,0,0,0,0,0,
"-4,15",0,0,0,0,0,0,0,
"-4,16",0,0,0,0,0,0,0,
"-4,17",0,0,0,0,0,0,0,
"-4,18",0,0,0,0,0,0,0,
"-4,19",0,0,0,0,0,0,0,
"-4,20",0,0,0,0,0,0,0,
"-4,21",0,0,0,0,0,0,0,
"-4,22",0,0,0,0,0,0,0,
"-4,23",0,0,0,0,0,0,0,
"-4,24",0,0,0,0,0,0,0,
"-4,25",0,0,0,0,0,0,0,
"-4,26",0,0,0,0,0,0,0,
"-3,-26",50834,5,1,-94,-76,3070260,2485,
"-3,-25",57003,5,1,-94,-75,4872312,3942,
"-3,-24",56803,5,1,-94,-74,6157752,4982,
"-3,-23",63117,6,1,-94,-73,5291316,4281,
"-3,-22",71495,6,1,-94,-71,5795604,4689,
"-3,-21",114644,11,1,-94,-63,7601400,6150,
"-3,-20",120339,11,1,-94,-62,4390272,3552,
"-3,-19",120757,11,1,-94,-61,2891004,2339,
"-3,-18",120996,11,1,-94,-60,2625300,2125,
"-3,-17",120789,11,1,-94,-60,8471544,6854,
"-3,-16",120767,11,1,-94,-60,7305996,5911,
"-3,-15",120323,11,1,-94,-61,7675560,6210,
"-3,-14",120368,11,1,-94,-61,3396528,2748,
"-3,-13",117501,11,1,-94,-63,5786952,4682,
"-3,-12",86343,6,1,-94,-68,6560688,5308,
"-3,-11",64063,6,1,-94,-73,8292324,6709,
"-3,-10",54868,6,1,-94,-74,1863888,1508,
"-3,-9",38708,5,1,-94,-75,881340,715,
"-3,-8",56229,5,1,-94,-76,4549716,3681,
"-3,-7",54334,5,1,-94,-77,2641332,2137,
"-3,-6",9547,0,1,-94,-78,533952,432,
"-3,-5",26535,3,1,-94,-79,2905872,2352,
"-3,-4",31385,3,1,-94,-80,2683356,2171,
"-3,-3",28444,3,1,-94,-81,2219892,1797,
"-3,-2",30279,3,1,-94,-81,2512788,2033,
"-3,-1",0,0,0,0,0,0,0,
"-3,0",0,0,0,0,0,0,0,
"-3,1",0,0,0,0,0,0,0,
"-3,2",0,0,0,0,0,0,0,
"-3,3",0,0,0,0,0,0,0,
"-3,4",0,0,0,0,0,0,0,
"-3,5",0,0,0,0,0,0,0,
"-3,6",0,0,0,0,0,0,0,
"-3,7",0,0,0,0,0,0,0,
"-3,8",0,0,0,0,0,0,0,
"-3,9",0,0,0,0,0,0,0,
"-3,10",0,0,0,0,0,0,0,
"-3,11",0,0,0,0,0,0,0,
"-3,12",0,0,0,0,0,0,0,
"-3,13",0,0,0,0,0,0,0,
"-3,14",0,0,0,0,0,0,0,
"-3,15",0,0,0,0,0,0,0,
"-3,16",0,0,0,0,0,0,0,
"-3,17",0,0,0,0,0,0,0,
"-3,18",0,0,0,0,0,0,0,
"-3,19",0,0,0,0,0,0,0,
"-3,20",0,0,0,0,0,0,0,
"-3,21",0,0,0,0,0,0,0,
"-3,22",0,0,0,0,0,0,0,
"-3,23",0,0,0,0,0,0,0,
"-3,24",0,0,0,0,0,0,0,
"-3,25",0,0,0,0,0,0,0,
"-3,26",0,0,0,0,0,0,0,
"-2,-26",38554,3,1,-94,-77,3327312,2692,
"-2,-25",56111,5,1,-94,-76,4073856,3296,
"-2,-24",59452,5,1,-94,-75,6371580,5155,
"-2,-23",57913,5,1,-94,-74,5747400,4650,
"-2,-22",57329,5,1,-94,-73,4436004,3589,
"-2,-21",60553,5,1,-94,-72,4859952,3932,
"-2,-20",97612,11,1,-94,-66,1729164,1399,
"-2,-19",115703,11,1,-94,-63,4176444,3379,
"-2,-18",118768,11,1,-94,-63,4115916,3331,
"-2,-17",119181,11,1,-94,-62,4688148,3793,
"-2,-16",117653,11,1,-94,-63,6811596,5511,
"-2,-15",116033,11,1,-94,-63,4833996,3911,
"-2,-14",93687,7,1,-94,-68,8014260,6485,
"-2,-13",72353,7,1,-94,-72,5360532,4337,
"-2,-12",34904,4,1,-94,-73,2810664,2274,
"-2,-11",45219,6,1,-94,-74,2965164,2399,
"-2,-10",21238,2,1,-94,-75,943068,763,
"-2,-9",12914,1,1,-94,-76,1082772,877,
"-2,-8",20296,2,1,-94,-77,1684668,1363,
"-2,-7",41305,4,1,-94,-78,3871152,3132,
"-2,-6",42336,4,1,-94,-79,3874860,3135,
"-2,-5",42665,4,1,-94,-79,3905868,3163,
"-2,-4",42755,4,1,-94,-80,4721520,3820,
"-2,-3",42817,4,1,-94,-81,4159140,3365,
"-2,-2",34853,4,1,-94,-82,1360836,1101,
"-2,-1",0,0,0,0,0,0,0,
"-2,0",0,0,0,0,0,0,0,
"-2,1",0,0,0,0,0,0,0,
"-2,2",0,0,0,0,0,0,0,
"-2,3",0,0,0,0,0,0,0,
"-2,4",0,0,0,0,0,0,0,
"-2,5",0,0,0,0,0,0,0,
"-2,6",0,0,0,0,0,0,0,
"-2,7",0,0,0,0,0,0,0,
"-2,8",0,0,0,0,0,0,0,
"-2,9",0,0,0,0,0,0,0,
"-2,10",0,0,0,0,0,0,0,
"-2,11",0,0,0,0,0,0,0,
"-2,12",0,0,0,0,0,0,0,
"-2,13",0,0,0,0,0,0,0,
"-2,14",0,0,0,0,0,0,0,
"-2,15",0,0,0,0,0,0,0,
"-2,16",0,0,0,0,0,0,0,
"-2,17",0,0,0,0,0,0,0,
"-2,18",0,0,0,0,0,0,0,
"-2,19",0,0,0,0,0,0,0,
"-2,20",0,0,0,0,0,0,0,
"-2,21",0,0,0,0,0,0,0,
"-2,22",0,0,0,0,0,0,0,
"-2,23",0,0,0,0,0,0,0,
"-2,24",0,0,0,0,0,0,0,
"-2,25",0,0,0,0,0,0,0,
"-2,26",0,0,0,0,0,0,0,
"-1,-26",31315,4,1,-94,-78,1778604,1439,
"-1,-25",42615,4,1,-94,-77,3090000,2500,
"-1,-24",43197,4,1,-94,-76,4662264,3774,
"-1,-23",41860,4,1,-94,-75,3391584,2744,
"-1,-22",61594,6,1,-94,-74,6387648,5168,
"-1,-21",64291,6,1,-94,-74,6439560,5210,
"-1,-20",64464,6,1,-94,-73,4826580,3905,
"-1,-19",64769,6,1,-94,-73,4573200,3700,
"-1,-18",63553,6,1,-94,-72,3755004,3039,
"-1,-17",63095,6,1,-94,-72,5985984,4844,
"-1,-16",60582,6,1,-94,-72,4185132,3387,
"-1,-15",63866,6,1,-94,-73,5397612,4367,
"-1,-14",64414,6,1,-94,-73,4343304,3514,
"-1,-13",57430,6,1,-94,-74,3200004,2589,
"-1,-12",42734,4,1,-94,-74,3207420,2595,
"-1,-11",42695,4,1,-94,-75,3261804,2639,
"-1,-10",57461,5,1,-94,-76,5151648,4168,
"-1,-9",55824,5,1,-94,-77,3762420,3045,
"-1,-8",34125,3,1,-94,-78,2020860,1635,
"-1,-7",28150,3,1,-94,-78,3300156,2671,
"-1,-6",12229,0,1,-94,-79,871380,705,
"-1,-5",28137,3,1,-94,-80,2553576,2066,
"-1,-4",28123,3,1,-94,-81,1876248,1518,
"-1,-3",29473,3,1,-94,-82,2227272,1802,
"-1,-2",0,0,0,0,0,0,0,
"-1,-1",0,0,0,0,0,0,0,
"-1,0",0,0,0,0,0,0,0,
"-1,1",0,0,0,0,0,0,0,
"-1,2",0,0,0,0,0,0,0,
"-1,3",0,0,0,0,0,0,0,
"-1,4",0,0,0,0,0,0,0,
"-1,5",0,0,0,0,0,0,0,
"-1,6",0,0,0,0,0,0,0,
"-1,7",0,0,0,0,0,0,0,
"-1,8",0,0,0,0,0,0,0,
"-1,9",0,0,0,0,0,0,0,
"-1,10",0,0,0,0,0,0,0,
"-1,11",0,0,0,0,0,0,0,
"-1,12",0,0,0,0,0,0,0,
"-1,13",0,0,0,0,0,0,0,
"-1,14",0,0,0,0,0,0,0,
"-1,15",0,0,0,0,0,0,0,
"-1,16",0,0,0,0,0,0,0,
"-1,17",0,0,0,0,0,0,0,
"-1,18",0,0,0,0,0,0,0,
"-1,19",0,0,0,0,0,0,0,
"-1,20",0,0,0,0,0,0,0,
"-1,21",0,0,0,0,0,0,0,
"-1,22",0,0,0,0,0,0,0,
"-1,23",0,0,0,0,0,0,0,
"-1,24",0,0,0,0,0,0,0,
"-1,25",0,0,0,0,0,0,0,
"-1,26",0,0,0,0,0,0,0,
"0,-26",39295,4,1,-94,-78,3502824,2834,
"0,-25",43809,4,1,-94,-78,2050524,1659,
"0,-24",56492,5,1,-94,-77,5154120,4170,
"0,-23",7496,0,1,-94,-76,442488,358,
"0,-22",60651,6,1,-94,-76,5706612,4617,
"0,-21",64719,6,1,-94,-75,5925384,4794,
"0,-20",63947,6,1,-94,-75,4777140,3865,
"0,-19",64097,6,1,-94,-74,7980852,6457,
"0,-18",64910,6,1,-94,-74,6877140,5565,
"0,-17",64801,6,1,-94,-74,6426000,5200,
"0,-16",64014,6,1,-94,-74,4674552,3782,
"0,-15",51743,6,1,-94,-74,3302592,2672,
"0,-14",43321,4,1,-94,-75,4146780,3355,
"0,-13",44692,4,1,-94,-75,5332104,4314,
"0,-12",52081,6,1,-94,-76,3390348,2743,
"0,-11",22160,2,1,-94,-76,1258248,1018,
"0,-10",15413,1,1,-94,-77,1522788,1233,
"0,-9",28014,3,1,-94,-78,2851560,2310,
"0,-8",34966,3,1,-94,-78,4489152,3632,
"0,-7",42466,4,1,-94,-79,4522524,3659,
"0,-6",35376,3,1,-94,-80,3017076,2441,
"0,-5",28121,3,1,-94,-81,3122136,2526,
"0,-4",25078,3,1,-94,-81,2883588,2333,
"0,-3",0,0,0,0,0,0,0,
"0,-2",0,0,0,0,0,0,0,
"0,-1",0,0,0,0,0,0,0,
"0,0",0,0,0,0,0,0,0,
"0,1",0,0,0,0,0,0,0,
"0,2",0,0,0,0,0,0,0,
"0,3",0,0,0,0,0,0,0,
"0,4",0,0,0,0,0,0,0,
"0,5",0,0,0,0,0,0,0,
"0,6",0,0,0,0,0,0,0,
"0,7",0,0,0,0,0,0,0,
"0,8",0,0,0,0,0,0,0,
"0,9",0,0,0,0,0,0,0,
"0,10",0,0,0,0,0,0,0,
"0,11",0,0,0,0,0,0,0,
"0,12",0,0,0,0,0,0,0,
"0,13",0,0,0,0,0,0,0,
"0,14",0,0,0,0,0,0,0,
"0,15",0,0,0,0,0,0,0,
"0,16",0,0,0,0,0,0,0,
"0,17",0,0,0,0,0,0,0,
"0,18",0,0,0,0,0,0,0,
"0,19",0,0,0,0,0,0,0,
"0,20",0,0,0,0,0,0,0,
"0,21",0,0,0,0,0,0,0,
"0,22",0,0,0,0,0,0,0,
"0,23",0,0,0,0,0,0,0,
"0,24",0,0,0,0,0,0,0,
"0,25",0,0,0,0,0,0,0,
"0,26",0,0,0,0,0,0,0,
"1,-26",7312,0,1,-94,-79,723060,585,
"1,-25",7312,0,1,-94,-79,652608,528,
"1,-24",22115,3,1,-94,-78,1724220,1395,
"1,-23",45038,5,1,-94,-77,3186408,2578,
"1,-22",56242,5,1,-94,-77,4167792,3372,
"1,-21",56593,5,1,-94,-76,4356900,3525,
"1,-20",57739,5,1,-94,-76,6220860,5035,
"1,-19",57227,5,1,-94,-76,5040408,4078,
"1,-18",55837,5,1,-94,-75,4726500,3825,
"1,-17",42278,4,1,-94,-75,3820476,3091,
"1,-16",42609,4,1,-94,-75,5313564,4299,
"1,-15",43605,4,1,-94,-76,5418624,4384,
"1,-14",42774,4,1,-94,-76,2815608,2278,
"1,-13",41462,4,1,-94,-76,3202476,2591,
"1,-12",51790,5,1,-94,-77,4764780,3855,
"1,-11",51546,5,1,-94,-77,2384280,1930,
"1,-10",33383,3,1,-94,-78,3369372,2727,
"1,-9",35438,4,1,-94,-79,3055428,2473,
"1,-8",42048,4,1,-94,-79,3413832,2762,
"1,-7",42046,4,1,-94,-80,4170264,3374,
"1,-6",42606,4,1,-94,-81,4018236,3251,
"1,-5",42119,4,1,-94,-81,3951492,3197,
"1,-4",26990,3,1,-94,-82,2635152,2132,
"1,-3",0,0,0,0,0,0,0,
"1,-2",0,0,0,0,0,0,0,
"1,-1",0,0,0,0,0,0,0,
"1,0",0,0,0,0,0,0,0,
"1,1",0,0,0,0,0,0,0,
"1,2",0,0,0,0,0,0,0,
"1,3",0,0,0,0,0,0,0,
"1,4",0,0,0,0,0,0,0,
"1,5",0,0,0,0,0,0,0,
"1,6",0,0,0,0,0,0,0,
"1,7",0,0,0,0,0,0,0,
"1,8",0,0,0,0,0,0,0,
"1,9",0,0,0,0,0,0,0,
"1,10",0,0,0,0,0,0,0,
"1,11",0,0,0,0,0,0,0,
"1,12",0,0,0,0,0,0,0,
"1,13",0,0,0,0,0,0,0,
"1,14",0,0,0,0,0,0,0,
"1,15",0,0,0,0,0,0,0,
"1,16",0,0,0,0,0,0,0,
"1,17",0,0,0,0,0,0,0,
"1,18",0,0,0,0,0,0,0,
"1,19",0,0,0,0,0,0,0,
"1,20",0,0,0,0,0,0,0,
"1,21",0,0,0,0,0,0,0,
"1,22",0,0,0,0,0,0,0,
"1,23",0,0,0,0,0,0,0,
"1,24",0,0,0,0,0,0,0,
"1,25",0,0,0,0,0,0,0,
"1,26",0,0,0,0,0,0,0,
"2,-26",38102,4,1,-94,-80,1784784,1444,
"2,-25",18491,3,1,-94,-79,839244,679,
"2,-24",42287,4,1,-94,-79,3244500,2625,
"2,-23",42573,4,1,-94,-78,3978684,3219,
"2,-22",42687,4,1,-94,-78,4015800,3250,
"2,-21",42394,4,1,-94,-77,4271688,3458,
"2,-20",42474,4,1,-94,-77,4840176,3916,
"2,-19",42504,4,1,-94,-77,3856320,3120,
"2,-18",42604,4,1,-94,-77,4195020,3395,
"2,-17",43319,4,1,-94,-77,4113408,3328,
"2,-16",42123,4,1,-94,-77,2769876,2241,
"2,-15",42746,4,1,-94,-77,3842724,3109,
"2,-14",40559,4,1,-94,-77,3164160,2560,
"2,-13",25663,2,1,-94,-77,1769952,1432,
"2,-12",24668,3,1,-94,-78,2012208,1628,
"2,-11",28083,3,1,-94,-78,2369412,1917,
"2,-10",28354,3,1,-94,-79,2582004,2089,
"2,-9",25615,3,1,-94,-79,2480688,2008,
"2,-8",28466,3,1,-94,-80,2903364,2349,
"2,-7",28698,3,1,-94,-81,2211204,1789,
"2,-6",22240,2,1,-94,-81,2682120,2170,
"2,-5",15447,1,1,-94,-82,1121052,907,
"2,-4",0,0,0,0,0,0,0,
"2,-3",0,0,0,0,0,0,0,
"2,-2",0,0,0,0,0,0,0,
"2,-1",0,0,0,0,0,0,0,
"2,0",0,0,0,0,0,0,0,
"2,1",0,0,0,0,0,0,0,
"2,2",0,0,0,0,0,0,0,
"2,3",0,0,0,0,0,0,0,
"2,4",0,0,0,0,0,0,0,
"2,5",0,0,0,0,0,0,0,
"2,6",0,0,0,0,0,0,0,
"2,7",0,0,0,0,0,0,0,
"2,8",0,0,0,0,0,0,0,
"2,9",0,0,0,0,0,0,0,
"2,10",0,0,0,0,0,0,0,
"2,11",0,0,0,0,0,0,0,
"2,12",0,0,0,0,0,0,0,
"2,13",0,0,0,0,0,0,0,
"2,14",0,0,0,0,0,0,0,
"2,15",0,0,0,0,0,0,0,
"2,16",0,0,0,0,0,0,0,
"2,17",0,0,0,0,0,0,0,
"2,18",0,0,0,0,0,0,0,
"2,19",0,0,0,0,0,0,0,
"2,20",0,0,0,0,0,0,0,
"2,21",0,0,0,0,0,0,0,
"2,22",0,0,0,0,0,0,0,
"2,23",0,0,0,0,0,0,0,
"2,24",0,0,0,0,0,0,0,
"2,25",0,0,0,0,0,0,0,
"2,26",0,0,0,0,0,0,0,
"3,-26",28980,3,1,-94,-81,2277984,1844,
"3,-25",27807,3,1,-94,-80,2273040,1840,
"3,-24",28309,3,1,-94,-80,2421324,1959,
"3,-23",34533,3,1,-94,-79,3428700,2775,
"3,-22",39384,4,1,-94,-79,3984864,3224,
"3,-21",37676,4,1,-94,-79,3133260,2535,
"3,-20",21241,1,1,-94,-78,2233452,1807,
"3,-19",35888,4,1,-94,-78,2748864,2224,
"3,-18",42884,4,1,-94,-78,4889652,3957,
"3,-17",43201,4,1,-94,-78,4025652,3257,
"3,-16",42411,4,1,-94,-78,3069024,2484,
"3,-15",42008,4,1,-94,-78,2396604,1939,
"3,-14",42556,4,1,-94,-78,4177716,3381,
"3,-13",43218,4,1,-94,-79,4950180,4005,
"3,-12",41908,4,1,-94,-79,4080036,3301,
"3,-11",42822,4,1,-94,-79,5280192,4272,
"3,-10",43002,4,1,-94,-80,4782084,3869,
"3,-9",22858,3,1,-94,-80,1568520,1270,
"3,-8",27819,3,1,-94,-81,1705680,1380,
"3,-7",23745,0,1,-94,-81,1185324,959,
"3,-6",19608,1,1,-94,-82,973968,788,
"3,-5",0,0,0,0,0,0,0,
"3,-4",0,0,0,0,0,0,0,
"3,-3",0,0,0,0,0,0,0,
"3,-2",0,0,0,0,0,0,0,
"3,-1",0,0,0,0,0,0,0,
"3,0",0,0,0,0,0,0,0,
"3,1",0,0,0,0,0,0,0,
"3,2",0,0,0,0,0,0,0,
"3,3",0,0,0,0,0,0,0,
"3,4",0,0,0,0,0,0,0,
"3,5",0,0,0,0,0,0,0,
"3,6",0,0,0,0,0,0,0,
"3,7",0,0,0,0,0,0,0,
"3,8",0,0,0,0,0,0,0,
"3,9",0,0,0,0,0,0,0,
"3,10",0,0,0,0,0,0,0,
"3,11",0,0,0,0,0,0,0,
"3,12",0,0,0,0,0,0,0,
"3,13",0,0,0,0,0,0,0,
"3,14",0,0,0,0,0,0,0,
"3,15",0,0,0,0,0,0,0,
"3,16",0,0,0,0,0,0,0,
"3,17",0,0,0,0,0,0,0,
"3,18",0,0,0,0,0,0,0,
"3,19",0,0,0,0,0,0,0,
"3,20",0,0,0,0,0,0,0,
"3,21",0,0,0,0,0,0,0,
"3,22",0,0,0,0,0,0,0,
"3,23",0,0,0,0,0,0,0,
"3,24",0,0,0,0,0,0,0,
"3,25",0,0,0,0,0,0,0,
"3,26",0,0,0,0,0,0,0,
"4,-26",19856,2,1,-94,-82,1584588,1283,
"4,-25",28069,3,1,-94,-81,2273004,1839,
"4,-24",28176,3,1,-94,-81,2810664,2274,
"4,-23",28114,3,1,-94,-80,3159216,2556,
"4,-22",28217,3,1,-94,-80,1731636,1401,
"4,-21",27262,3,1,-94,-80,2582004,2089,
"4,-20",32624,3,1,-94,-79,3072696,2486,
"4,-19",43148,4,1,-94,-79,3358212,2717,
"4,-18",42193,4,1,-94,-79,4111044,3329,
"4,-17",42347,4,1,-94,-79,5490312,4442,
"4,-16",43144,4,1,-94,-79,3709236,3001,
"4,-15",42385,4,1,-94,-79,3602940,2915,
"4,-14",42518,4,1,-94,-79,4537356,3671,
"4,-13",41262,4,1,-94,-80,3819240,3090,
"4,-12",42663,4,1,-94,-80,3468216,2806,
"4,-11",25962,3,1,-94,-80,2622792,2122,
"4,-10",24952,3,1,-94,-81,1268136,1026,
"4,-9",18790,0,1,-94,-81,1158168,938,
"4,-8",38156,4,1,-94,-82,3921828,3173,
"4,-7",0,0,0,0,0,0,0,
"4,-6",0,0,0,0,0,0,0,
"4,-5",0,0,0,0,0,0,0,
"4,-4",0,0,0,0,0,0,0,
"4,-3",0,0,0,0,0,0,0,
"4,-2",0,0,0,0,0,0,0,
"4,-1",0,0,0,0,0,0,0,
"4,0",0,0,0,0,0,0,0,
"4,1",0,0,0,0,0,0,0,
"4,2",0,0,0,0,0,0,0,
"4,3",0,0,0,0,0,0,0,
"4,4",0,0,0,0,0,0,0,
"4,5",0,0,0,0,0,0,0,
"4,6",0,0,0,0,0,0,0,
"4,7",0,0,0,0,0,0,0,
"4,8",0,0,0,0,0,0,0,
"4,9",0,0,0,0,0,0,0,
"4,10",0,0,0,0,0,0,0,
"4,11",0,0,0,0,0,0,0,
"4,12",0,0,0,0,0,0,0,
"4,13",0,0,0,0,0,0,0,
"4,14",0,0,0,0,0,0,0,
"4,15",0,0,0,0,0,0,0,
"4,16",0,0,0,0,0,0,0,
"4,17",0,0,0,0,0,0,0,
"4,18",0,0,0,0,0,0,0,
"4,19",0,0,0,0,0,0,0,
"4,20",0,0,0,0,0,0,0,
"4,21",0,0,0,0,0,0,0,
"4,22",0,0,0,0,0,0,0,
"4,23",0,0,0,0,0,0,0,
"4,24",0,0,0,0,0,0,0,
"4,25",0,0,0,0,0,0,0,
"4,26",0,0,0,0,0,0,0,
"5,-26",0,0,0,0,0,0,0,
"5,-25",24206,2,1,-94,-82,1302744,1054,
"5,-24",37560,4,1,-94,-81,3125844,2529,
"5,-23",42424,4,1,-94,-81,2522676,2041,
"5,-22",40867,4,1,-94,-81,3515184,2844,
"5,-21",41778,4,1,-94,-80,3649908,2953,
"5,-20",25987,3,1,-94,-80,2448516,1981,
"5,-19",27871,3,1,-94,-80,2842800,2300,
"5,-18",28490,3,1,-94,-80,1903440,1540,
"5,-17",16824,2,1,-94,-80,719424,584,
"5,-16",24642,3,1,-94,-80,1724220,1395,
"5,-15",17638,1,1,-94,-80,1748940,1415,
"5,-14",20964,2,1,-94,-80,1894788,1533,
"5,-13",20463,2,1,-94,-80,2087604,1689,
"5,-12",38821,4,1,-94,-81,2172888,1758,
"5,-11",41862,4,1,-94,-81,4080036,3301,
"5,-10",20885,2,1,-94,-81,1765080,1430,
"5,-9",22405,3,1,-94,-82,1218696,986,
"5,-8",0,0,0,0,0,0,0,
"5,-7",0,0,0,0,0,0,0,
"5,-6",0,0,0,0,0,0,0,
"5,-5",0,0,0,0,0,0,0,
"5,-4",0,0,0,0,0,0,0,
"5,-3",0,0,0,0,0,0,0,
"5,-2",0,0,0,0,0,0,0,
"5,-1",0,0,0,0,0,0,0,
"5,0",0,0,0,0,0,0,0,
"5,1",0,0,0,0,0,0,0,
"5,2",0,0,0,0,0,0,0,
"5,3",0,0,0,0,0,0,0,
"5,4",0,0,0,0,0,0,0,
"5,5",0,0,0,0,0,0,0,
"5,6",0,0,0,0,0,0,0,
"5,7",0,0,0,0,0,0,0,
"5,8",0,0,0,0,0,0,0,
"5,9",0,0,0,0,0,0,0,
"5,10",0,0,0,0,0,0,0,
"5,11",0,0,0,0,0,0,0,
"5,12",0,0,0,0,0,0,0,
"5,13",0,0,0,0,0,0,0,
"5,14",0,0,0,0,0,0,0,
"5,15",0,0,0,0,0,0,0,
"5,16",0,0,0,0,0,0,0,
"5,17",0,0,0,0,0,0,0,
"5,18",0,0,0,0,0,0,0,
"5,19",0,0,0,0,0,0,0,
"5,20",0,0,0,0,0,0,0,
"5,21",0,0,0,0,0,0,0,
"5,22",0,0,0,0,0,0,0,
"5,23",0,0,0,0,0,0,0,
"5,24",0,0,0,0,0,0,0,
"5,25",0,0,0,0,0,0,0,
"5,26",0,0,0,0,0,0,0,
"6,-26",0,0,0,0,0,0,0,
"6,-25",0,0,0,0,0,0,0,
"6,-24",0,0,0,0,0,0,0,
"6,-23",7309,0,1,-94,-82,511740,415,
"6,-22",13529,1,1,-94,-82,1014756,821,
"6,-21",32292,4,1,-94,-81,1532712,1242,
"6,-20",34162,4,1,-94,-81,1343568,1088,
"6,-19",29095,3,1,-94,-81,2626500,2125,
"6,-18",27743,3,1,-94,-81,2050524,1659,
"6,-17",26627,3,1,-94,-81,1902204,1539,
"6,-16",26741,3,1,-94,-81,2316264,1874,
"6,-15",27754,3,1,-94,-81,1945464,1574,
"6,-14",40671,4,1,-94,-81,3986100,3225,
"6,-13",27540,3,1,-94,-81,1516608,1228,
"6,-12",27667,3,1,-94,-82,2517732,2037,
"6,-11",13302,0,1,-94,-82,751524,609,
"6,-10",0,0,0,0,0,0,0,
"6,-9",0,0,0,0,0,0,0,
"6,-8",0,0,0,0,0,0,0,
"6,-7",0,0,0,0,0,0,0,
"6,-6",0,0,0,0,0,0,0,
"6,-5",0,0,0,0,0,0,0,
"6,-4",0,0,0,0,0,0,0,
"6,-3",0,0,0,0,0,0,0,
"6,-2",0,0,0,0,0,0,0,
"6,-1",0,0,0,0,0,0,0,
"6,0",0,0,0,0,0,0,0,
"6,1",0,0,0,0,0,0,0,
"6,2",0,0,0,0,0,0,0,
"6,3",0,0,0,0,0,0,0,
"6,4",0,0,0,0,0,0,0,
"6,5",0,0,0,0,0,0,0,
"6,6",0,0,0,0,0,0,0,
"6,7",0,0,0,0,0,0,0,
"6,8",0,0,0,0,0,0,0,
"6,9",0,0,0,0,0,0,0,
"6,10",0,0,0,0,0,0,0,
"6,11",0,0,0,0,0,0,0,
"6,12",0,0,0,0,0,0,0,
"6,13",0,0,0,0,0,0,0,
"6,14",0,0,0,0,0,0,0,
"6,15",0,0,0,0,0,0,0,
"6,16",0,0,0,0,0,0,0,
"6,17",0,0,0,0,0,0,0,
"6,18",0,0,0,0,0,0,0,
"6,19",0,0,0,0,0,0,0,
"6,20",0,0,0,0,0,0,0,
"6,21",0,0,0,0,0,0,0,
"6,22",0,0,0,0,0,0,0,
"6,23",0,0,0,0,0,0,0,
"6,24",0,0,0,0,0,0,0,
"6,25",0,0,0,0,0,0,0,
"6,26",0,0,0,0,0,0,0,
"7,-26",0,0,0,0,0,0,0,
"7,-25",0,0,0,0,0,0,0,
"7,-24",0,0,0,0,0,0,0,
"7,-23",0,0,0,0,0,0,0,
"7,-22",0,0,0,0,0,0,0,
"7,-21",0,0,0,0,0,0,0,
"7,-20",0,0,0,0,0,0,0,
"7,-19",25483,3,1,-94,-82,976440,790,
"7,-18",25555,3,1,-94,-82,1761300,1425,
"7,-17",28562,3,1,-94,-82,2378064,1924,
"7,-16",19215,2,1,-94,-82,1364544,1104,
"7,-15",16651,1,1,-94,-82,936888,758,
"7,-14",0,0,0,0,0,0,0,
"7,-13",0,0,0,0,0,0,0,
"7,-12",0,0,0,0,0,0,0,
"7,-11",0,0,0,0,0,0,0,
"7,-10",0,0,0,0,0,0,0,
"7,-9",0,0,0,0,0,0,0,
"7,-8",0,0,0,0,0,0,0,
"7,-7",0,0,0,0,0,0,0,
"7,-6",0,0,0,0,0,0,0,
"7,-5",0,0,0,0,0,0,0,
"7,-4",0,0,0,0,0,0,0,
"7,-3",0,0,0,0,0,0,0,
"7,-2",0,0,0,0,0,0,0,
"7,-1",0,0,0,0,0,0,0,
"7,0",0,0,0,0,0,0,0,
"7,1",0,0,0,0,0,0,0,
"7,2",0,0,0,0,0,0,0,
"7,3",0,0,0,0,0,0,0,
"7,4",0,0,0,0,0,0,0,
"7,5",0,0,0,0,0,0,0,
"7,6",0,0,0,0,0,0,0,
"7,7",0,0,0,0,0,0,0,
"7,8",0,0,0,0,0,0,0,
"7,9",0,0,0,0,0,0,0,
"7,10",0,0,0,0,0,0,0,
"7,11",0,0,0,0,0,0,0,
"7,12",0,0,0,0,0,0,0,
"7,13",0,0,0,0,0,0,0,
"7,14",0,0,0,0,0,0,0,
"7,15",0,0,0,0,0,0,0,
"7,16",0,0,0,0,0,0,0,
"7,17",0,0,0,0,0,0,0,
"7,18",0,0,0,0,0,0,0,
"7,19",0,0,0,0,0,0,0,
"7,20",0,0,0,0,0,0,0,
"7,21",0,0,0,0,0,0,0,
"7,22",0,0,0,0,0,0,0,
"7,23",0,0,0,0,0,0,0,
"7,24",0,0,0,0,0,0,0,
"7,25",0,0,0,0,0,0,0,
"7,26",0,0,0,0,0,0,0,
"8,-26",0,0,0,0,0,0,0,
"8,-25",0,0,0,0,0,0,0,
"8,-24",0,0,0,0,0,0,0,
"8,-23",0,0,0,0,0,0,0,
"8,-22",0,0,0,0,0,0,0,
"8,-21",0,0,0,0,0,0,0,
"8,-20",0,0,0,0,0,0,0,
"8,-19",0,0,0,0,0,0,0,
"8,-18",0,0,0,0,0,0,0,
"8,-17",0,0,0,0,0,0,0,
"8,-16",0,0,0,0,0,0,0,
"8,-15",0,0,0,0,0,0,0,
"8,-14",0,0,0,0,0,0,0,
"8,-13",0,0,0,0,0,0,0,
"8,-12",0,0,0,0,0,0,0,
"8,-11",0,0,0,0,0,0,0,
"8,-10",0,0,0,0,0,0,0,
"8,-9",0,0,0,0,0,0,0,
"8,-8",0,0,0,0,0,0,0,
"8,-7",0,0,0,0,0,0,0,
"8,-6",0,0,0,0,0,0,0,
"8,-5",0,0,0,0,0,0,0,
"8,-4",0,0,0,0,0,0,0,
"8,-3",0,0,0,0,0,0,0,
"8,-2",0,0,0,0,0,0,0,
"8,-1",0,0,0,0,0,0,0,
"8,0",0,0,0,0,0,0,0,
"8,1",0,0,0,0,0,0,0,
"8,2",0,0,0,0,0,0,0,
"8,3",0,0,0,0,0,0,0,
"8,4",0,0,0,0,0,0,0,
"8,5",0,0,0,0,0,0,0,
"8,6",0,0,0,0,0,0,0,
"8,7",0,0,0,0,0,0,0,
"8,8",0,0,0,0,0,0,0,
"8,9",0,0,0,0,0,0,0,
"8,10",0,0,0,0,0,0,0,
"8,11",0,0,0,0,0,0,0,
"8,12",0,0,0,0,0,0,0,
"8,13",0,0,0,0,0,0,0,
"8,14",0,0,0,0,0,0,0,
"8,15",0,0,0,0,0,0,0,
"8,16",0,0,0,0,0,0,0,
"8,17",0,0,0,0,0,0,0,
"8,18",0,0,0,0,0,0,0,
"8,19",0,0,0,0,0,0,0,
"8,20",0,0,0,0,0,0,0,
"8,21",0,0,0,0,0,0,0,
"8,22",0,0,0,0,0,0,0,
"8,23",0,0,0,0,0,0,0,
"8,24",0,0,0,0,0,0,0,
"8,25",0,0,0,0,0,0,0,
"8,26",0,0,0,0,0,0,0,
"9,-26",0,0,0,0,0,0,0,
"9,-25",0,0,0,0,0,0,0,
"9,-24",0,0,0,0,0,0,0,
"9,-23",0,0,0,0,0,0,0,
"9,-22",0,0,0,0,0,0,0,
"9,-21",0,0,0,0,0,0,0,
"9,-20",0,0,0,0,0,0,0,
"9,-19",0,0,0,0,0,0,0,
"9,-18",0,0,0,0,0,0,0,
"9,-17",0,0,0,0,0,0,0,
"9,-16",0,0,0,0,0,0,0,
"9,-15",0,0,0,0,0,0,0,
"9,-14",0,0,0,0,0,0,0,
"9,-13",0,0,0,0,0,0,0,
"9,-12",0,0,0,0,0,0,0,
"9,-11",0,0,0,0,0,0,0,
"9,-10",0,0,0,0,0,0,0,
"9,-9",0,0,0,0,0,0,0,
"9,-8",0,0,0,0,0,0,0,
"9,-7",0,0,0,0,0,0,0,
"9,-6",0,0,0,0,0,0,0,
"9,-5",0,0,0,0,0,0,0,
"9,-4",0,0,0,0,0,0,0,
"9,-3",0,0,0,0,0,0,0,
"9,-2",0,0,0,0,0,0,0,
"9,-1",0,0,0,0,0,0,0,
"9,0",0,0,0,0,0,0,0,
"9,1",0,0,0,0,0,0,0,
"9,2",0,0,0,0,0,0,0,
"9,3",0,0,0,0,0,0,0,
"9,4",0,0,0,0,0,0,0,
"9,5",0,0,0,0,0,0,0,
"9,6",0,0,0,0,0,0,0,
"9,7",0,0,0,0,0,0,0,
"9,8",0,0,0,0,0,0,0,
"9,9",0,0,0,0,0,0,0,
"9,10",0,0,0,0,0,0,0,
"9,11",0,0,0,0,0,0,0,
"9,12",0,0,0,0,0,0,0,
"9,13",0,0,0,0,0,0,0,
"9,14",0,0,0,0,0,0,0,
"9,15",0,0,0,0,0,0,0,
"9,16",0,0,0,0,0,0,0,
"9,17",0,0,0,0,0,0,0,
"9,18",0,0,0,0,0,0,0,
"9,19",0,0,0,0,0,0,0,
"9,20",0,0,0,0,0,0,0,
"9,21",0,0,0,0,0,0,0,
"9,22",0,0,0,0,0,0,0,
"9,23",0,0,0,0,0,0,0,
"9,24",0,0,0,0,0,0,0,
"9,25",0,0,0,0,0,0,0,
"9,26",0,0,0,0,0,0,0,
"10,-26",0,0,0,0,0,0,0,
"10,-25",0,0,0,0,0,0,0,
"10,-24",0,0,0,0,0,0,0,
"10,-23",0,0,0,0,0,0,0,
"10,-22",0,0,0,0,0,0,0,
"10,-21",0,0,0,0,0,0,0,
"10,-20",0,0,0,0,0,0,0,
"10,-19",0,0,0,0,0,0,0,
"10,-18",0,0,0,0,0,0,0,
"10,-17",0,0,0,0,0,0,0,
"10,-16",0,0,0,0,0,0,0,
"10,-15",0,0,0,0,0,0,0,
"10,-14",0,0,0,0,0,0,0,
"10,-13",0,0,0,0,0,0,0,
"10,-12",0,0,0,0,0,0,0,
"10,-11",0,0,0,0,0,0,0,
"10,-10",0,0,0,0,0,0,0,
"10,-9",0,0,0,0,0,0,0,
"10,-8",0,0,0,0,0,0,0,
"10,-7",0,0,0,0,0,0,0,
"10,-6",0,0,0,0,0,0,0,
"10,-5",0,0,0,0,0,0,0,
"10,-4",0,0,0,0,0,0,0,
"10,-3",0,0,0,0,0,0,0,
"10,-2",0,0,0,0,0,0,0,
"10,-1",0,0,0,0,0,0,0,
"10,0",0,0,0,0,0,0,0,
"10,1",0,0,0,0,0,0,0,
"10,2",0,0,0,0,0,0,0,
"10,3",0,0,0,0,0,0,0,
"10,4",0,0,0,0,0,0,0,
"10,5",0,0,0,0,0,0,0,
"10,6",0,0,0,0,0,0,0,
"10,7",0,0,0,0,0,0,0,
"10,8",0,0,0,0,0,0,0,
"10,9",0,0,0,0,0,0,0,
"10,10",0,0,0,0,0,0,0,
"10,11",0,0,0,0,0,0,0,
"10,12",0,0,0,0,0,0,0,
"10,13",0,0,0,0,0,0,0,
"10,14",0,0,0,0,0,0,0,
"10,15",0,0,0,0,0,0,0,
"10,16",0,0,0,0,0,0,0,
"10,17",0,0,0,0,0,0,0,
"10,18",0,0,0,0,0,0,0,
"10,19",0,0,0,0,0,0,0,
"10,20",0,0,0,0,0,0,0,
"10,21",0,0,0,0,0,0,0,
"10,22",0,0,0,0,0,0,0,
"10,23",0,0,0,0,0,0,0,
"10,24",0,0,0,0,0,0,0,
"10,25",0,0,0,0,0,0,0,
"10,26",0,0,0,0,0,0,0,
"11,-26",0,0,0,0,0,0,0,
"11,-25",0,0,0,0,0,0,0,
"11,-24",0,0,0,0,0,0,0,
"11,-23",0,0,0,0,0,0,0,
"11,-22",0,0,0,0,0,0,0,
"11,-21",0,0,0,0,0,0,0,
"11,-20",0,0,0,0,0,0,0,
"11,-19",0,0,0,0,0,0,0,
"11,-18",0,0,0,0,0,0,0,
"11,-17",0,0,0,0,0,0,0,
"11,-16",0,0,0,0,0,0,0,
"11,-15",0,0,0,0,0,0,0,
"11,-14",0,0,0,0,0,0,0,
"11,-13",0,0,0,0,0,0,0,
"11,-12",0,0,0,0,0,0,0,
"11,-11",0,0,0,0,0,0,0,
"11,-10",0,0,0,0,0,0,0,
"11,-9",0,0,0,0,0,0,0,
"11,-8",0,0,0,0,0,0,0,
"11,-7",0,0,0,0,0,0,0,
"11,-6",0,0,0,0,0,0,0,
"11,-5",0,0,0,0,0,0,0,
"11,-4",0,0,0,0,0,0,0,
"11,-3",0,0,0,0,0,0,0,
"11,-2",0,0,0,0,0,0,0,
"11,-1",0,0,0,0,0,0,0,
"11,0",0,0,0,0,0,0,0,
"11,1",0,0,0,0,0,0,0,
"11,2",0,0,0,0,0,0,0,
"11,3",0,0,0,0,0,0,0,
"11,4",0,0,0,0,0,0,0,
"11,5",0,0,0,0,0,0,0,
"11,6",0,0,0,0,0,0,0,
"11,7",0,0,0,0,0,0,0,
"11,8",0,0,0,0,0,0,0,
"11,9",0,0,0,0,0,0,0,
"11,10",0,0,0,0,0,0,0,
"11,11",0,0,0,0,0,0,0,
"11,12",0,0,0,0,0,0,0,
"11,13",0,0,0,0,0,0,0,
"11,14",0,0,0,0,0,0,0,
"11,15",0,0,0,0,0,0,0,
"11,16",0,0,0,0,0,0,0,
"11,17",0,0,0,0,0,0,0,
"11,18",0,0,0,0,0,0,0,
"11,19",0,0,0,0,0,0,0,
"11,20",0,0,0,0,0,0,0,
"11,21",0,0,0,0,0,0,0,
"11,22",0,0,0,0,0,0,0,
"11,23",0,0,0,0,0,0,0,
"11,24",0,0,0,0,0,0,0,
"11,25",0,0,0,0,0,0,0,
"11,26",0,0,0,0,0,0,0,
"12,-26",0,0,0,0,0,0,0,
"12,-25",0,0,0,0,0,0,0,
"12,-24",0,0,0,0,0,0,0,
"12,-23",0,0,0,0,0,0,0,
"12,-22",0,0,0,0,0,0,0,
"12,-21",0,0,0,0,0,0,0,
"12,-20",0,0,0,0,0,0,0,
"12,-19",0,0,0,0,0,0,0,
"12,-18",0,0,0,0,0,0,0,
"12,-17",0,0,0,0,0,0,0,
"12,-16",0,0,0,0,0,0,0,
"12,-15",0,0,0,0,0,0,0,
"12,-14",0,0,0,0,0,0,0,
"12,-13",0,0,0,0,0,0,0,
"12,-12",0,0,0,0,0,0,0,
"12,-11",0,0,0,0,0,0,0,
"12,-10",0,0,0,0,0,0,0,
"12,-9",0,0,0,0,0,0,0,
"12,-8",0,0,0,0,0,0,0,
"12,-7",0,0,0,0,0,0,0,
"12,-6",0,0,0,0,0,0,0,
"12,-5",0,0,0,0,0,0,0,
"12,-4",0,0,0,0,0,0,0,
"12,-3",0,0,0,0,0,0,0,
"12,-2",0,0,0,0,0,0,0,
"12,-1",0,0,0,0,0,0,0,
"12,0",0,0,0,0,0,0,0,
"12,1",0,0,0,0,0,0,0,
"12,2",0,0,0,0,0,0,0,
"12,3",0,0,0,0,0,0,0,
"12,4",0,0,0,0,0,0,0,
"12,5",0,0,0,0,0,0,0,
"12,6",0,0,0,0,0,0,0,
"12,7",0,0,0,0,0,0,0,
"12,8",0,0,0,0,0,0,0,
"12,9",0,0,0,0,0,0,0,
"12,10",0,0,0,0,0,0,0,
"12,11",0,0,0,0,0,0,0,
"12,12",0,0,0,0,0,0,0,
"12,13",0,0,0,0,0,0,0,
"12,14",0,0,0,0,0,0,0,
"12,15",0,0,0,0,0,0,0,
"12,16",0,0,0,0,0,0,0,
"12,17",0,0,0,0,0,0,0,
"12,18",0,0,0,0,0,0,0,
"12,19",0,0,0,0,0,0,0,
"12,20",0,0,0,0,0,0,0,
"12,21",0,0,0,0,0,0,0,
"12,22",0,0,0,0,0,0,0,
"12,23",0,0,0,0,0,0,0,
"12,24",0,0,0,0,0,0,0,
"12,25",0,0,0,0,0,0,0,
"12,26",0,0,0,0,0,0,0,
"13,-26",0,0,0,0,0,0,0,
"13,-25",0,0,0,0,0,0,0,
"13,-24",0,0,0,0,0,0,0,
"13,-23",0,0,0,0,0,0,0,
"13,-22",0,0,0,0,0,0,0,
"13,-21",0,0,0,0,0,0,0,
"13,-20",0,0,0,0,0,0,0,
"13,-19",0,0,0,0,0,0,0,
"13,-18",0,0,0,0,0,0,0,
"13,-17",0,0,0,0,0,0,0,
"13,-16",0,0,0,0,0,0,0,
"13,-15",0,0,0,0,0,0,0,
"13,-14",0,0,0,0,0,0,0,
"13,-13",0,0,0,0,0,0,0,
"13,-12",0,0,0,0,0,0,0,
"13,-11",0,0,0,0,0,0,0,
"13,-10",0,0,0,0,0,0,0,
"13,-9",0,0,0,0,0,0,0,
"13,-8",0,0,0,0,0,0,0,
"13,-7",0,0,0,0,0,0,0,
"13,-6",0,0,0,0,0,0,0,
"13,-5",0,0,0,0,0,0,0,
"13,-4",0,0,0,0,0,0,0,
"13,-3",0,0,0,0,0,0,0,
"13,-2",0,0,0,0,0,0,0,
"13,-1",0,0,0,0,0,0,0,
"13,0",0,0,0,0,0,0,0,
"13,1",0,0,0,0,0,0,0,
"13,2",0,0,0,0,0,0,0,
"13,3",0,0,0,0,0,0,0,
"13,4",0,0,0,0,0,0,0,
"13,5",0,0,0,0,0,0,0,
"13,6",0,0,0,0,0,0,0,
"13,7",0,0,0,0,0,0,0,
"13,8",0,0,0,0,0,0,0,
"13,9",0,0,0,0,0,0,0,
"13,10",0,0,0,0,0,0,0,
"13,11",0,0,0,0,0,0,0,
"13,12",0,0,0,0,0,0,0,
"13,13",0,0,0,0,0,0,0,
"13,14",0,0,0,0,0,0,0,
"13,15",0,0,0,0,0,0,0,
"13,16",0,0,0,0,0,0,0,
"13,17",0,0,0,0,0,0,0,
"13,18",0,0,0,0,0,0,0,
"13,19",0,0,0,0,0,0,0,
"13,20",0,0,0,0,0,0,0,
"13,21",0,0,0,0,0,0,0,
"13,22",0,0,0,0,0,0,0,
"13,23",0,0,0,0,0,0,0,
"13,24",0,0,0,0,0,0,0,
"13,25",0,0,0,0,0,0,0,
"13,26",0,0,0,0,0,0,0,
"14,-26",0,0,0,0,0,0,0,
"14,-25",0,0,0,0,0,0,0,
"14,-24",0,0,0,0,0,0,0,
"14,-23",0,0,0,0,0,0,0,
"14,-22",0,0,0,0,0,0,0,
"14,-21",0,0,0,0,0,0,0,
"14,-20",0,0,0,0,0,0,0,
"14,-19",0,0,0,0,0,0,0,
"14,-18",0,0,0,0,0,0,0,
"14,-17",0,0,0,0,0,0,0,
"14,-13",0,0,0,0,0,0,0,
"14,-12",0,0,0,0,0,0,0,
"14,-11",0,0,0,0,0,0,0,
"14,-10",0,0,0,0,0,0,0,
"14,-9",0,0,0,0,0,0,0,
"14,-8",0,0,0,0,0,0,0,
"14,-7",0,0,0,0,0,0,0,
"14,-6",0,0,0,0,0,0,0,
"14,-5",0,0,0,0,0,0,0,
"14,-4",0,0,0,0,0,0,0,
"14,-3",0,0,0,0,0,0,0,
"14,-2",0,0,0,0,0,0,0,
"14,-1",0,0,0,0,0,0,0,
"14,0",0,0,0,0,0,0,0,
"14,1",0,0,0,0,0,0,0,
"14,2",0,0,0,0,0,0,0,
"14,3",0,0,0,0,0,0,0,
"14,4",0,0,0,0,0,0,0,
"14,5",0,0,0,0,0,0,0,
"14,6",0,0,0,0,0,0,0,
"14,7",0,0,0,0,0,0,0,
"14,8",0,0,0,0,0,0,0,
"14,9",0,0,0,0,0,0,0,
"14,10",0,0,0,0,0,0,0,
"14,11",0,0,0,0,0,0,0,
"14,12",0,0,0,0,0,0,0,
"14,13",0,0,0,0,0,0,0,
"14,17",0,0,0,0,0,0,0,
"14,18",0,0,0,0,0,0,0,
"14,19",0,0,0,0,0,0,0,
"14,20",0,0,0,0,0,0,0,
"14,21",0,0,0,0,0,0,0,
"14,22",0,0,0,0,0,0,0,
"14,23",0,0,0,0,0,0,0,
"14,24",0,0,0,0,0,0,0,
"14,25",0,0,0,0,0,0,0,
"14,26",0,0,0,0,0,0,0,
"15,-26",0,0,0,0,0,0,0,
"15,-25",0,0,0,0,0,0,0,
"15,-24",0,0,0,0,0,0,0,
"15,-23",0,0,0,0,0,0,0,
"15,-22",0,0,0,0,0,0,0,
"15,-21",0,0,0,0,0,0,0,
"15,-20",0,0,0,0,0,0,0,
"15,-19",0,0,0,0,0,0,0,
"15,-18",0,0,0,0,0,0,0,
"15,-17",0,0,0,0,0,0,0,
"15,-13",0,0,0,0,0,0,0,
"15,-12",0,0,0,0,0,0,0,
"15,-11",0,0,0,0,0,0,0,
"15,-10",0,0,0,0,0,0,0,
"15,-9",0,0,0,0,0,0,0,
"15,-8",0,0,0,0,0,0,0,
"15,-7",0,0,0,0,0,0,0,
"15,-6",0,0,0,0,0,0,0,
"15,-5",0,0,0,0,0,0,0,
"15,-4",0,0,0,0,0,0,0,
"15,-3",0,0,0,0,0,0,0,
"15,-2",0,0,0,0,0,0,0,
"15,-1",0,0,0,0,0,0,0,
"15,0",0,0,0,0,0,0,0,
"15,1",0,0,0,0,0,0,0,
"15,2",0,0,0,0,0,0,0,
"15,3",0,0,0,0,0,0,0,
"15,4",0,0,0,0,0,0,0,
"15,5",0,0,0,0,0,0,0,
"15,6",0,0,0,0,0,0,0,
"15,7",0,0,0,0,0,0,0,
"15,8",0,0,0,0,0,0,0,
"15,9",0,0,0,0,0,0,0,
"15,10",0,0,0,0,0,0,0,
"15,11",0,0,0,0,0,0,0,
"15,12",0,0,0,0,0,0,0,
"15,13",0,0,0,0,0,0,0,
"15,17",0,0,0,0,0,0,0,
"15,18",0,0,0,0,0,0,0,
"15,19",0,0,0,0,0,0,0,
"15,20",0,0,0,0,0,0,0,
"15,21",0,0,0,0,0,0,0,
"15,22",0,0,0,0,0,0,0,
"15,23",0,0,0,0,0,0,0,
"15,24",0,0,0,0,0,0,0,
"15,25",0,0,0,0,0,0,0,
"15,26",0,0,0,0,0,0,0,
"16,-26",0,0,0,0,0,0,0,
"16,-25",0,0,0,0,0,0,0,
"16,-24",0,0,0,0,0,0,0,
"16,-23",0,0,0,0,0,0,0,
"16,-22",0,0,0,0,0,0,0,
"16,-21",0,0,0,0,0,0,0,
"16,-20",0,0,0,0,0,0,0,
"16,-19",0,0,0,0,0,0,0,
"16,-18",0,0,0,0,0,0,0,
"16,-17",0,0,0,0,0,0,0,
"16,-13",0,0,0,0,0,0,0,
"16,-12",0,0,0,0,0,0,0,
"16,-11",0,0,0,0,0,0,0,
"16,-10",0,0,0,0,0,0,0,
"16,-9",0,0,0,0,0,0,0,
"16,-8",0,0,0,0,0,0,0,
"16,-7",0,0,0,0,0,0,0,
"16,-6",0,0,0,0,0,0,0,
"16,-5",0,0,0,0,0,0,0,
"16,-4",0,0,0,0,0,0,0,
"16,-3",0,0,0,0,0,0,0,
"16,-2",0,0,0,0,0,0,0,
"16,-1",0,0,0,0,0,0,0,
"16,0",0,0,0,0,0,0,0,
"16,1",0,0,0,0,0,0,0,
"16,2",0,0,0,0,0,0,0,
"16,3",0,0,0,0,0,0,0,
"16,4",0,0,0,0,0,0,0,
"16,5",0,0,0,0,0,0,0,
"16,6",0,0,0,0,0,0,0,
"16,7",0,0,0,0,0,0,0,
"16,8",0,0,0,0,0,0,0,
"16,9",0,0,0,0,0,0,0,
"16,10",0,0,0,0,0,0,0,
"16,11",0,0,0,0,0,0,0,
"16,12",0,0,0,0,0,0,0,
"16,13",0,0,0,0,0,0,0,
"16,17",0,0,0,0,0,0,0,
"16,18",0,0,0,0,0,0,0,
"16,19",0,0,0,0,0,0,0,
"16,20",0,0,0,0,0,0,0,
"16,21",0,0,0,0,0,0,0,
"16,22",0,0,0,0,0,0,0,
"16,23",0,0,0,0,0,0,0,
"16,24",0,0,0,0,0,0,0,
"16,25",0,0,0,0,0,0,0,
"16,26",0,0,0,0,0,0,0,
"17,-26",0,0,0,0,0,0,0,
"17,-25",0,0,0,0,0,0,0,
"17,-24",0,0,0,0,0,0,0,
"17,-23",0,0,0,0,0,0,0,
"17,-22",0,0,0,0,0,0,0,
"17,-21",0,0,0,0,0,0,0,
"17,-20",0,0,0,0,0,0,0,
"17,-19",0,0,0,0,0,0,0,
"17,-18",0,0,0,0,0,0,0,
"17,-17",0,0,0,0,0,0,0,
"17,-16",0,0,0,0,0,0,0,
"17,-15",0,0,0,0,0,0,0,
"17,-14",0,0,0,0,0,0,0,
"17,-13",0,0,0,0,0,0,0,
"17,-12",0,0,0,0,0,0,0,
"17,-11",0,0,0,0,0,0,0,
"17,-10",0,0,0,0,0,0,0,
"17,-9",0,0,0,0,0,0,0,
"17,-8",0,0,0,0,0,0,0,
"17,-7",0,0,0,0,0,0,0,
"17,-6",0,0,0,0,0,0,0,
"17,-5",0,0,0,0,0,0,0,
"17,-4",0,0,0,0,0,0,0,
"17,-3",0,0,0,0,0,0,0,
"17,-2",0,0,0,0,0,0,0,
"17,-1",0,0,0,0,0,0,0,
"17,0",0,0,0,0,0,0,0,
"17,1",0,0,0,0,0,0,0,
"17,2",0,0,0,0,0,0,0,
"17,3",0,0,0,0,0,0,0,
"17,4",0,0,0,0,0,0,0,
"17,5",0,0,0,0,0,0,0,
"17,6",0,0,0,0,0,0,0,
"17,7",0,0,0,0,0,0,0,
"17,8",0,0,0,0,0,0,0,
"17,9",0,0,0,0,0,0,0,
"17,10",0,0,0,0,0,0,0,
"17,11",0,0,0,0,0,0,0,
"17,12",0,0,0,0,0,0,0,
"17,13",0,0,0,0,0,0,0,
"17,14",0,0,0,0,0,0,0,
"17,15",0,0,0,0,0,0,0,
"17,16",0,0,0,0,0,0,0,
"17,17",0,0,0,0,0,0,0,
"17,18",0,0,0,0,0,0,0,
"17,19",0,0,0,0,0,0,0,
"17,20",0,0,0,0,0,0,0,
"17,21",0,0,0,0,0,0,0,
"17,22",0,0,0,0,0,0,0,
"17,23",0,0,0,0,0,0,0,
"17,24",0,0,0,0,0,0,0,
"17,25",0,0,0,0,0,0,0,
"17,26",0,0,0,0,0,0,0,
"18,-26",0,0,0,0,0,0,0,
"18,-25",0,0,0,0,0,0,0,
"18,-24",0,0,0,0,0,0,0,
"18,-23",0,0,0,0,0,0,0,
"18,-22",0,0,0,0,0,0,0,
"18,-21",0,0,0,0,0,0,0,
"18,-20",0,0,0,0,0,0,0,
"18,-19",0,0,0,0,0,0,0,
"18,-18",0,0,0,0,0,0,0,
"18,-17",0,0,0,0,0,0,0,
"18,-16",0,0,0,0,0,0,0,
"18,-15",0,0,0,0,0,0,0,
"18,-14",0,0,0,0,0,0,0,
"18,-13",0,0,0,0,0,0,0,
"18,-12",0,0,0,0,0,0,0,
"18,-11",0,0,0,0,0,0,0,
"18,-10",0,0,0,0,0,0,0,
"18,-9",0,0,0,0,0,0,0,
"18,-8",0,0,0,0,0,0,0,
"18,-7",0,0,0,0,0,0,0,
"18,-6",0,0,0,0,0,0,0,
"18,-5",0,0,0,0,0,0,0,
"18,-4",0,0,0,0,0,0,0,
"18,-3",0,0,0,0,0,0,0,
"18,-2",0,0,0,0,0,0,0,
"18,-1",0,0,0,0,0,0,0,
"18,0",0,0,0,0,0,0,0,
"18,1",0,0,0,0,0,0,0,
"18,2",0,0,0,0,0,0,0,
"18,3",0,0,0,0,0,0,0,
"18,4",0,0,0,0,0,0,0,
"18,5",0,0,0,0,0,0,0,
"18,6",0,0,0,0,0,0,0,
"18,7",0,0,0,0,0,0,0,
"18,8",0,0,0,0,0,0,0,
"18,9",0,0,0,0,0,0,0,
"18,10",0,0,0,0,0,0,0,
"18,11",0,0,0,0,0,0,0,
"18,12",0,0,0,0,0,0,0,
"18,13",0,0,0,0,0,0,0,
"18,14",0,0,0,0,0,0,0,
"18,15",0,0,0,0,0,0,0,
"18,16",0,0,0,0,0,0,0,
"18,17",0,0,0,0,0,0,0,
"18,18",0,0,0,0,0,0,0,
"18,19",0,0,0,0,0,0,0,
"18,20",0,0,0,0,0,0,0,
"18,21",0,0,0,0,0,0,0,
"18,22",0,0,0,0,0,0,0,
"18,23",0,0,0,0,0,0,0,
"18,24",0,0,0,0,0,0,0,
"18,25",0,0,0,0,0,0,0,
"18,26",0,0,0,0,0,0,0,
"19,-26",0,0,0,0,0,0,0,
"19,-25",0,0,0,0,0,0,0,
"19,-24",0,0,0,0,0,0,0,
"19,-23",0,0,0,0,0,0,0,
"19,-22",0,0,0,0,0,0,0,
"19,-21",0,0,0,0,0,0,0,
"19,-20",0,0,0,0,0,0,0,
"19,-19",0,0,0,0,0,0,0,
"19,-18",0,0,0,0,0,0,0,
"19,-17",0,0,0,0,0,0,0,
"19,-16",0,0,0,0,0,0,0,
"19,-15",0,0,0,0,0,0,0,
"19,-14",0,0,0,0,0,0,0,
"19,-13",0,0,0,0,0,0,0,
"19,-12",0,0,0,0,0,0,0,
"19,-11",0,0,0,0,0,0,0,
"19,-10",0,0,0,0,0,0,0,
"19,-9",0,0,0,0,0,0,0,
"19,-8",0,0,0,0,0,0,0,
"19,-7",0,0,0,0,0,0,0,
"19,-6",0,0,0,0,0,0,0,
"19,-5",0,0,0,0,0,0,0,
"19,-4",0,0,0,0,0,0,0,
"19,-3",0,0,0,0,0,0,0,
"19,-2",0,0,0,0,0,0,0,
"19,-1",0,0,0,0,0,0,0,
"19,0",0,0,0,0,0,0,0,
"19,1",0,0,0,0,0,0,0,
"19,2",0,0,0,0,0,0,0,
"19,3",0,0,0,0,0,0,0,
"19,4",0,0,0,0,0,0,0,
"19,5",0,0,0,0,0,0,0,
"19,6",0,0,0,0,0,0,0,
"19,7",0,0,0,0,0,0,0,
"19,8",0,0,0,0,0,0,0,
"19,9",0,0,0,0,0,0,0,
"19,10",0,0,0,0,0,0,0,
"19,11",0,0,0,0,0,0,0,
"19,12",0,0,0,0,0,0,0,
"19,13",0,0,0,0,0,0,0,
"19,14",0,0,0,0,0,0,0,
"19,15",0,0,0,0,0,0,0,
"19,16",0,0,0,0,0,0,0,
"19,17",0,0,0,0,0,0,0,
"19,18",0,0,0,0,0,0,0,
"19,19",0,0,0,0,0,0,0,
"19,20",0,0,0,0,0,0,0,
"19,21",0,0,0,0,0,0,0,
"19,22",0,0,0,0,0,0,0,
"19,23",0,0,0,0,0,0,0,
"19,24",0,0,0,0,0,0,0,
"19,25",0,0,0,0,0,0,0,
"19,26",0,0,0,0,0,0,0,
"20,-26",0,0,0,0,0,0,0,
"20,-25",0,0,0,0,0,0,0,
"20,-24",0,0,0,0,0,0,0,
"20,-23",0,0,0,0,0,0,0,
"20,-22",0,0,0,0,0,0,0,
"20,-21",0,0,0,0,0,0,0,
"20,-20",0,0,0,0,0,0,0,
"20,-19",0,0,0,0,0,0,0,
"20,-18",0,0,0,0,0,0,0,
"20,-17",0,0,0,0,0,0,0,
"20,-16",0,0,0,0,0,0,0,
"20,-15",0,0,0,0,0,0,0,
"20,-14",0,0,0,0,0,0,0,
"20,-13",0,0,0,0,0,0,0,
"20,-12",0,0,0,0,0,0,0,
"20,-11",0,0,0,0,0,0,0,
"20,-10",0,0,0,0,0,0,0,
"20,-9",0,0,0,0,0,0,0,
"20,-8",0,0,0,0,0,0,0,
"20,-7",0,0,0,0,0,0,0,
"20,-6",0,0,0,0,0,0,0,
"20,-5",0,0,0,0,0,0,0,
"20,-4",0,0,0,0,0,0,0,
"20,-3",0,0,0,0,0,0,0,
"20,-2",0,0,0,0,0,0,0,
"20,-1",0,0,0,0,0,0,0,
"20,0",0,0,0,0,0,0,0,
"20,1",0,0,0,0,0,0,0,
"20,2",0,0,0,0,0,0,0,
"20,3",0,0,0,0,0,0,0,
"20,4",0,0,0,0,0,0,0,
"20,5",0,0,0,0,0,0,0,
"20,6",0,0,0,0,0,0,0,
"20,7",0,0,0,0,0,0,0,
"20,8",0,0,0,0,0,0,0,
"20,9",0,0,0,0,0,0,0,
"20,10",0,0,0,0,0,0,0,
"20,11",0,0,0,0,0,0,0,
"20,12",0,0,0,0,0,0,0,
"20,13",0,0,0,0,0,0,0,
"20,14",0,0,0,0,0,0,0,
"20,15",0,0,0,0,0,0,0,
"20,16",0,0,0,0,0,0,0,
"20,17",0,0,0,0,0,0,0,
"20,18",0,0,0,0,0,0,0,
"20,19",0,0,0,0,0,0,0,
"20,20",0,0,0,0,0,0,0,
"20,21",0,0,0,0,0,0,0,
"20,22",0,0,0,0,0,0,0,
"20,23",0,0,0,0,0,0,0,
"20,24",0,0,0,0,0,0,0,
"20,25",0,0,0,0,0,0,0,
"20,26",0,0,0,0,0,0,0,
"21,-26",0,0,0,0,0,0,0,
"21,-25",0,0,0,0,0,0,0,
"21,-24",0,0,0,0,0,0,0,
"21,-23",0,0,0,0,0,0,0,
"21,-22",0,0,0,0,0,0,0,
"21,-21",0,0,0,0,0,0,0,
"21,-20",0,0,0,0,0,0,0,
"21,-19",0,0,0,0,0,0,0,
"21,-18",0,0,0,0,0,0,0,
"21,-17",0,0,0,0,0,0,0,
"21,-16",0,0,0,0,0,0,0,
"21,-15",0,0,0,0,0,0,0,
"21,-14",0,0,0,0,0,0,0,
"21,-13",0,0,0,0,0,0,0,
"21,-12",0,0,0,0,0,0,0,
"21,-11",0,0,0,0,0,0,0,
"21,-10",0,0,0,0,0,0,0,
"21,-9",0,0,0,0,0,0,0,
"21,-8",0,0,0,0,0,0,0,
"21,-7",0,0,0,0,0,0,0,
"21,-6",0,0,0,0,0,0,0,
"21,-5",0,0,0,0,0,0,0,
"21,-4",0,0,0,0,0,0,0,
"21,-3",0,0,0,0,0,0,0,
"21,-2",0,0,0,0,0,0,0,
"21,-1",0,0,0,0,0,0,0,
"21,0",0,0,0,0,0,0,0,
"21,1",0,0,0,0,0,0,0,
"21,2",0,0,0,0,0,0,0,
"21,3",0,0,0,0,0,0,0,
"21,4",0,0,0,0,0,0,0,
"21,5",0,0,0,0,0,0,0,
"21,6",0,0,0,0,0,0,0,
"21,7",0,0,0,0,0,0,0,
"21,8",0,0,0,0,0,0,0,
"21,9",0,0,0,0,0,0,0,
"21,10",0,0,0,0,0,0,0,
"21,11",0,0,0,0,0,0,0,
"21,12",0,0,0,0,0,0,0,
"21,13",0,0,0,0,0,0,0,
"21,14",0,0,0,0,0,0,0,
"21,15",0,0,0,0,0,0,0,
"21,16",0,0,0,0,0,0,0,
"21,17",0,0,0,0,0,0,0,
"21,18",0,0,0,0,0,0,0,
"21,19",0,0,0,0,0,0,0,
"21,20",0,0,0,0,0,0,0,
"21,21",0,0,0,0,0,0,0,
"21,22",0,0,0,0,0,0,0,
"21,23",0,0,0,0,0,0,0,
"21,24",0,0,0,0,0,0,0,
"21,25",0,0,0,0,0,0,0,
"21,26",0,0,0,0,0,0,0,
"22,-26",0,0,0,0,0,0,0,
"22,-25",0,0,0,0,0,0,0,
"22,-24",0,0,0,0,0,0,0,
"22,-23",0,0,0,0,0,0,0,
"22,-22",0,0,0,0,0,0,0,
"22,-21",0,0,0,0,0,0,0,
"22,-20",0,0,0,0,0,0,0,
"22,-19",0,0,0,0,0,0,0,
"22,-18",0,0,0,0,0,0,0,
"22,-17",0,0,0,0,0,0,0,
"22,-16",0,0,0,0,0,0,0,
"22,-15",0,0,0,0,0,0,0,
"22,-14",0,0,0,0,0,0,0,
"22,-13",0,0,0,0,0,0,0,
"22,-12",0,0,0,0,0,0,0,
"22,-11",0,0,0,0,0,0,0,
"22,-10",0,0,0,0,0,0,0,
"22,-9",0,0,0,0,0,0,0,
"22,-8",0,0,0,0,0,0,0,
"22,-7",0,0,0,0,0,0,0,
"22,-6",0,0,0,0,0,0,0,
"22,-5",0,0,0,0,0,0,0,
"22,-4",0,0,0,0,0,0,0,
"22,-3",0,0,0,0,0,0,0,
"22,-2",0,0,0,0,0,0,0,
"22,-1",0,0,0,0,0,0,0,
"22,0",0,0,0,0,0,0,0,
"22,1",0,0,0,0,0,0,0,
"22,2",0,0,0,0,0,0,0,
"22,3",0,0,0,0,0,0,0,
"22,4",0,0,0,0,0,0,0,
"22,5",0,0,0,0,0,0,0,
"22,6",0,0,0,0,0,0,0,
"22,7",0,0,0,0,0,0,0,
"22,8",0,0,0,0,0,0,0,
"22,9",0,0,0,0,0,0,0,
"22,10",0,0,0,0,0,0,0,
"22,11",0,0,0,0,0,0,0,
"22,12",0,0,0,0,0,0,0,
"22,13",0,0,0,0,0,0,0,
"22,14",0,0,0,0,0,0,0,
"22,15",0,0,0,0,0,0,0,
"22,16",0,0,0,0,0,0,0,
"22,17",0,0,0,0,0,0,0,
"22,18",0,0,0,0,0,0,0,
"22,19",0,0,0,0,0,0,0,
"22,20",0,0,0,0,0,0,0,
"22,21",0,0,0,0,0,0,0,
"22,22",0,0,0,0,0,0,0,
"22,23",0,0,0,0,0,0,0,
"22,24",0,0,0,0,0,0,0,
"22,25",0,0,0,0,0,0,0,
"22,26",0,0,0,0,0,0,0,
"23,-26",0,0,0,0,0,0,0,
"23,-25",0,0,0,0,0,0,0,
"23,-24",0,0,0,0,0,0,0,
"23,-23",0,0,0,0,0,0,0,
"23,-22",0,0,0,0,0,0,0,
"23,-21",0,0,0,0,0,0,0,
"23,-20",0,0,0,0,0,0,0,
"23,-19",0,0,0,0,0,0,0,
"23,-18",0,0,0,0,0,0,0,
"23,-17",0,0,0,0,0,0,0,
"23,-16",0,0,0,0,0,0,0,
"23,-15",0,0,0,0,0,0,0,
"23,-14",0,0,0,0,0,0,0,
"23,-13",0,0,0,0,0,0,0,
"23,-12",0,0,0,0,0,0,0,
"23,-11",0,0,0,0,0,0,0,
"23,-10",0,0,0,0,0,0,0,
"23,-9",0,0,0,0,0,0,0,
"23,-8",0,0,0,0,0,0,0,
"23,-7",0,0,0,0,0,0,0,
"23,-6",0,0,0,0,0,0,0,
"23,-5",0,0,0,0,0,0,0,
"23,-4",0,0,0,0,0,0,0,
"23,-3",0,0,0,0,0,0,0,
"23,-2",0,0,0,0,0,0,0,
"23,-1",0,0,0,0,0,0,0,
"23,0",0,0,0,0,0,0,0,
"23,1",0,0,0,0,0,0,0,
"23,2",0,0,0,0,0,0,0,
"23,3",0,0,0,0,0,0,0,
"23,4",0,0,0,0,0,0,0,
"23,5",0,0,0,0,0,0,0,
"23,6",0,0,0,0,0,0,0,
"23,7",0,0,0,0,0,0,0,
"23,8",0,0,0,0,0,0,0,
"23,9",0,0,0,0,0,0,0,
"23,10",0,0,0,0,0,0,0,
"23,11",0,0,0,0,0,0,0,
"23,12",0,0,0,0,0,0,0,
"23,13",0,0,0,0,0,0,0,
"23,14",0,0,0,0,0,0,0,
"23,15",0,0,0,0,0,0,0,
"23,16",0,0,0,0,0,0,0,
"23,17",0,0,0,0,0,0,0,
"23,18",0,0,0,0,0,0,0,
"23,19",0,0,0,0,0,0,0,
"23,20",0,0,0,0,0,0,0,
"23,21",0,0,0,0,0,0,0,
"23,22",0,0,0,0,0,0,0,
"23,23",0,0,0,0,0,0,0,
"23,24",0,0,0,0,0,0,0,
"23,25",0,0,0,0,0,0,0,
"23,26",0,0,0,0,0,0,0,
"24,-26",0,0,0,0,0,0,0,
"24,-25",0,0,0,0,0,0,0,
"24,-24",0,0,0,0,0,0,0,
"24,-23",0,0,0,0,0,0,0,
"24,-22",0,0,0,0,0,0,0,
"24,-21",0,0,0,0,0,0,0,
"24,-20",0,0,0,0,0,0,0,
"24,-19",0,0,0,0,0,0,0,
"24,-18",0,0,0,0,0,0,0,
"24,-17",0,0,0,0,0,0,0,
"24,-16",0,0,0,0,0,0,0,
"24,-15",0,0,0,0,0,0,0,
"24,-14",0,0,0,0,0,0,0,
"24,-13",0,0,0,0,0,0,0,
"24,-12",0,0,0,0,0,0,0,
"24,-11",0,0,0,0,0,0,0,
"24,-10",0,0,0,0,0,0,0,
"24,-9",0,0,0,0,0,0,0,
"24,-8",0,0,0,0,0,0,0,
"24,-7",0,0,0,0,0,0,0,
"24,-6",0,0,0,0,0,0,0,
"24,-5",0,0,0,0,0,0,0,
"24,-4",0,0,0,0,0,0,0,
"24,-3",0,0,0,0,0,0,0,
"24,-2",0,0,0,0,0,0,0,
"24,-1",0,0,0,0,0,0,0,
"24,0",0,0,0,0,0,0,0,
"24,1",0,0,0,0,0,0,0,
"24,2",0,0,0,0,0,0,0,
"24,3",0,0,0,0,0,0,0,
"24,4",0,0,0,0,0,0,0,
"24,5",0,0,0,0,0,0,0,
"24,6",0,0,0,0,0,0,0,
"24,7",0,0,0,0,0,0,0,
"24,8",0,0,0,0,0,0,0,
"24,9",0,0,0,0,0,0,0,
"24,10",0,0,0,0,0,0,0,
"24,11",0,0,0,0,0,0,0,
"24,12",0,0,0,0,0,0,0,
"24,13",0,0,0,0,0,0,0,
"24,14",0,0,0,0,0,0,0,
"24,15",0,0,0,0,0,0,0,
"24,16",0,0,0,0,0,0,0,
"24,17",0,0,0,0,0,0,0,
"24,18",0,0,0,0,0,0,0,
"24,19",0,0,0,0,0,0,0,
"24,20",0,0,0,0,0,0,0,
"24,21",0,0,0,0,0,0,0,
"24,22",0,0,0,0,0,0,0,
"24,23",0,0,0,0,0,0,0,
"24,24",0,0,0,0,0,0,0,
"24,25",0,0,0,0,0,0,0,
"24,26",0,0,0,0,0,0,0,
"25,-26",0,0,0,0,0,0,0,
"25,-25",0,0,0,0,0,0,0,
"25,-24",0,0,0,0,0,0,0,
"25,-23",0,0,0,0,0,0,0,
"25,-22",0,0,0,0,0,0,0,
"25,-21",0,0,0,0,0,0,0,
"25,-20",0,0,0,0,0,0,0,
"25,-19",0,0,0,0,0,0,0,
"25,-18",0,0,0,0,0,0,0,
"25,-17",0,0,0,0,0,0,0,
"25,-16",0,0,0,0,0,0,0,
"25,-15",0,0,0,0,0,0,0,
"25,-14",0,0,0,0,0,0,0,
"25,-13",0,0,0,0,0,0,0,
"25,-12",0,0,0,0,0,0,0,
"25,-11",0,0,0,0,0,0,0,
"25,-10",0,0,0,0,0,0,0,
"25,-9",0,0,0,0,0,0,0,
"25,-8",0,0,0,0,0,0,0,
"25,-7",0,0,0,0,0,0,0,
"25,-6",0,0,0,0,0,0,0,
"25,-5",0,0,0,0,0,0,0,
"25,-4",0,0,0,0,0,0,0,
"25,-3",0,0,0,0,0,0,0,
"25,-2",0,0,0,0,0,0,0,
"25,-1",0,0,0,0,0,0,0,
"25,0",0,0,0,0,0,0,0,
"25,1",0,0,0,0,0,0,0,
"25,2",0,0,0,0,0,0,0,
"25,3",0,0,0,0,0,0,0,
"25,4",0,0,0,0,0,0,0,
"25,5",0,0,0,0,0,0,0,
"25,6",0,0,0,0,0,0,0,
"25,7",0,0,0,0,0,0,0,
"25,8",0,0,0,0,0,0,0,
"25,9",0,0,0,0,0,0,0,
"25,10",0,0,0,0,0,0,0,
"25,11",0,0,0,0,0,0,0,
"25,12",0,0,0,0,0,0,0,
"25,13",0,0,0,0,0,0,0,
"25,14",0,0,0,0,0,0,0,
"25,15",0,0,0,0,0,0,0,
"25,16",0,0,0,0,0,0,0,
"25,17",0,0,0,0,0,0,0,
"25,18",0,0,0,0,0,0,0,
"25,19",0,0,0,0,0,0,0,
"25,20",0,0,0,0,0,0,0,
"25,21",0,0,0,0,0,0,0,
"25,22",0,0,0,0,0,0,0,
"25,23",0,0,0,0,0,0,0,
"25,24",0,0,0,0,0,0,0,
"25,25",0,0,0,0,0,0,0,
"25,26",0,0,0,0,0,0,0,
"26,-26",0,0,0,0,0,0,0,
"26,-25",0,0,0,0,0,0,0,
"26,-24",0,0,0,0,0,0,0,
"26,-23",0,0,0,0,0,0,0,
"26,-22",0,0,0,0,0,0,0,
"26,-21",0,0,0,0,0,0,0,
"26,-20",0,0,0,0,0,0,0,
"26,-19",0,0,0,0,0,0,0,
"26,-18",0,0,0,0,0,0,0,
"26,-17",0,0,0,0,0,0,0,
"26,-16",0,0,0,0,0,0,0,
"26,-15",0,0,0,0,0,0,0,
"26,-14",0,0,0,0,0,0,0,
"26,-13",0,0,0,0,0,0,0,
"26,-12",0,0,0,0,0,0,0,
"26,-11",0,0,0,0,0,0,0,
"26,-10",0,0,0,0,0,0,0,
"26,-9",0,0,0,0,0,0,0,
"26,-8",0,0,0,0,0,0,0,
"26,-7",0,0,0,0,0,0,0,
"26,-6",0,0,0,0,0,0,0,
"26,-5",0,0,0,0,0,0,0,
"26,-4",0,0,0,0,0,0,0,
"26,-3",0,0,0,0,0,0,0,
"26,-2",0,0,0,0,0,0,0,
"26,-1",0,0,0,0,0,0,0,
"26,0",0,0,0,0,0,0,0,
"26,1",0,0,0,0,0,0,0,
"26,2",0,0,0,0,0,0,0,
"26,3",0,0,0,0,0,0,0,
"26,4",0,0,0,0,0,0,0,
"26,5",0,0,0,0,0,0,0,
"26,6",0,0,0,0,0,0,0,
"26,7",0,0,0,0,0,0,0,
"26,8",0,0,0,0,0,0,0,
"26,9",0,0,0,0,0,0,0,
"26,10",0,0,0,0,0,0,0,
"26,11",0,0,0,0,0,0,0,
"26,12",0,0,0,0,0,0,0,
"26,13",0,0,0,0,0,0,0,
"26,14",0,0,0,0,0,0,0,
"26,15",0,0,0,0,0,0,0,
"26,16",0,0,0,0,0,0,0,
"26,17",0,0,0,0,0,0,0,
"26,18",0,0,0,0,0,0,0,
"26,19",0,0,0,0,0,0,0,
"26,20",0,0,0,0,0,0,0,
"26,21",0,0,0,0,0,0,0,
"26,22",0,0,0,0,0,0,0,
"26,23",0,0,0,0,0,0,0,
"26,24",0,0,0,0,0,0,0,
"26,25",0,0,0,0,0,0,0,
"26,26",0,0,0,0,0,0,0,
